Open,Close,High,Low,Volume,Date
23,23.37,23.68,22.88,,10/20/23
22.86,23.06,23.08,22.65,,10/19/23
22.79,22.89,23.31,22.68,,10/18/23
22.58,22.85,22.99,22.37,,10/17/23
22.64,22.62,22.72,22.47,,10/16/23
22.73,22.73,22.73,22.73,,10/15/23
22.73,22.73,22.73,22.73,,10/14/23
21.83,22.73,22.81,21.81,,10/13/23
22.02,21.86,22.24,21.75,,10/12/23
21.83,22.08,22.12,21.79,,10/11/23
21.87,21.84,21.95,21.63,,10/10/23
21.9,21.92,22,21.57,,10/09/23
21.56,21.56,21.56,21.56,,10/08/23
21.56,21.56,21.56,21.56,,10/07/23
20.99,21.56,21.62,20.8,,10/06/23
21.01,20.93,21.3,20.71,,10/05/23
21.19,20.99,21.38,20.71,,10/04/23
21.05,21.17,21.39,20.69,,10/03/23
22.18,21.09,22.18,21.02,,10/02/23
22.19,22.19,22.19,22.19,,10/01/23
22.19,22.19,22.19,22.19,,09/30/23
22.63,22.19,23.54,22.11,,09/29/23
22.54,22.62,22.72,22.39,,09/28/23
22.85,22.54,22.88,22.41,,09/27/23
23.13,22.88,23.14,22.84,,09/26/23
23.56,23.14,23.65,23.05,,09/25/23
23.56,23.56,23.56,23.56,,09/24/23
23.56,23.56,23.56,23.56,,09/23/23
23.4,23.56,23.77,23.4,,09/22/23
23.22,23.41,23.47,22.81,,09/21/23
23.21,23.27,23.59,23.05,,09/20/23
23.26,23.3,23.41,23.11,,09/19/23
23.05,23.26,23.26,22.96,,09/18/23
23.02,23.03,23.03,23.02,,09/17/23
23.02,23.02,23.02,23.02,,09/16/23
22.64,23.02,23.28,22.62,,09/15/23
22.84,22.66,22.97,22.3,,09/14/23
23.06,22.86,23.09,22.74,,09/13/23
23.08,23.13,23.19,22.84,,09/12/23
22.93,23.1,23.21,22.91,,09/11/23
22.92,22.92,22.92,22.92,,09/10/23
22.93,22.93,22.93,22.93,,09/09/23
22.97,22.93,23.17,22.85,,09/08/23
23.18,22.97,23.19,22.84,,09/07/23
23.55,23.21,23.59,23,,09/06/23
24,23.54,24,23.48,,09/05/23
24.19,24,24.29,23.96,,09/02/23
24.43,24.19,24.81,24.15,,09/01/23
24.61,24.46,24.68,24.37,,08/31/23
24.71,24.67,25.01,24.54,,08/30/23
24.23,24.75,24.79,24.17,,08/29/23
24.24,24.28,24.35,24.05,,08/28/23
24.22,24.22,24.22,24.22,,08/26/23
24.14,24.22,24.36,23.92,,08/25/23
24.32,24.16,24.35,24.07,,08/24/23
23.43,24.35,24.36,23.41,,08/23/23
23.32,23.42,23.45,23.21,,08/22/23
22.76,23.37,23.37,22.67,,08/21/23
22.73,22.73,22.73,22.73,,08/20/23
22.73,22.73,22.73,22.73,,08/19/23
22.69,22.73,22.89,22.65,,08/18/23
22.44,22.72,23,22.35,,08/17/23
22.53,22.41,22.77,22.4,,08/16/23
22.6,22.53,22.7,22.22,,08/15/23
22.69,22.63,22.76,22.37,,08/14/23
22.69,22.69,22.69,22.69,,08/12/23
22.71,22.69,22.85,22.59,,08/11/23
22.67,22.71,22.98,22.62,,08/10/23
22.77,22.69,22.94,22.63,,08/09/23
23.12,22.78,23.19,22.67,,08/08/23
23.64,23.17,23.68,23.06,,08/07/23
23.63,23.63,23.63,23.63,,08/06/23
23.63,23.63,23.63,23.63,,08/05/23
23.59,23.63,23.78,23.34,,08/04/23
23.72,23.58,23.84,23.4,,08/03/23
24.39,23.77,24.48,23.65,,08/02/23
24.76,24.34,24.76,24.12,,08/01/23
24.36,24.79,24.84,24.19,,07/31/23
24.35,24.35,24.35,24.35,,07/30/23
24.35,24.35,24.35,24.35,,07/29/23
24.15,24.35,24.4,24.1,,07/28/23
24.92,24.13,25.14,24.04,,07/27/23
24.68,24.93,25.02,24.51,,07/26/23
24.35,24.72,24.72,24.28,,07/25/23
24.61,24.4,24.67,24.26,,07/24/23
24.6,24.6,24.6,24.6,,07/22/23
24.78,24.6,24.91,24.59,,07/21/23
25.14,24.77,25.26,24.7,,07/20/23
25.06,25.19,25.23,24.94,,07/19/23
24.84,25.11,25.16,24.77,,07/18/23
24.9,24.88,24.94,24.6,,07/17/23
24.95,24.95,24.95,24.95,,07/16/23
24.95,24.95,24.95,24.95,,07/15/23
24.86,24.95,25.02,24.68,,07/14/23
24.12,24.88,24.88,24.1,,07/13/23
23.13,24.16,24.16,23.11,,07/12/23
23.13,23.13,23.38,23.01,,07/11/23
23.07,23.14,23.16,22.75,,07/10/23
23.08,23.08,23.08,23.08,,07/09/23
23.08,23.08,23.08,23.08,,07/08/23
22.72,23.08,23.14,22.61,,07/07/23
23.14,22.77,23.25,22.53,,07/06/23
22.98,23.13,23.29,22.76,,07/05/23
22.9,22.98,23.06,22.87,,07/04/23
22.77,22.9,23.07,22.7,,07/03/23
22.76,22.76,22.76,22.76,,07/02/23
22.58,22.76,22.84,22.34,,06/30/23
22.7,22.58,22.87,22.28,,06/29/23
22.86,22.75,22.96,22.56,,06/28/23
22.8,22.91,23.08,22.75,,06/27/23
22.42,22.8,22.89,22.42,,06/26/23
22.43,22.44,22.44,22.43,,06/25/23
22.43,22.43,22.43,22.43,,06/24/23
22.25,22.43,22.67,22.1,,06/23/23
22.67,22.27,22.73,22.18,,06/22/23
23.15,22.67,23.18,22.5,,06/21/23
24,23.21,24.02,23.05,,06/20/23
24.18,23.97,24.18,23.88,,06/19/23
24.17,24.17,24.17,24.17,,06/18/23
24.17,24.17,24.17,24.17,,06/17/23
23.89,24.17,24.2,23.83,,06/16/23
23.93,23.88,23.93,23.22,,06/15/23
23.67,23.95,24.07,23.66,,06/14/23
24.06,23.71,24.38,23.59,,06/13/23
24.26,24.08,24.3,23.88,,06/12/23
24.29,24.29,24.29,24.29,,06/10/23
24.28,24.29,24.52,24.2,,06/09/23
23.44,24.27,24.34,23.42,,06/08/23
23.6,23.48,24.04,23.4,,06/07/23
23.56,23.6,23.77,23.34,,06/06/23
23.59,23.61,23.69,23.24,,06/05/23
23.61,23.61,23.61,23.61,,06/04/23
23.87,23.61,24.01,23.58,,06/02/23
23.51,23.93,23.93,23.27,,06/01/23
23.2,23.5,23.61,23.09,,05/31/23
23.13,23.24,23.34,22.92,,05/30/23
23.28,23.23,23.37,23.15,,05/29/23
23.32,23.32,23.32,23.32,,05/27/23
22.73,23.32,23.32,22.68,,05/26/23
23.06,22.8,23.15,22.69,,05/25/23
23.45,23.11,23.53,23.02,,05/24/23
23.64,23.45,23.65,23.1,,05/23/23
23.86,23.69,23.92,23.6,,05/22/23
23.86,23.86,23.86,23.86,,05/21/23
23.86,23.86,23.86,23.86,,05/20/23
23.51,23.86,24,23.39,,05/19/23
23.75,23.49,23.78,23.32,,05/18/23
23.74,23.75,23.87,23.54,,05/17/23
24.1,23.76,24.1,23.63,,05/16/23
23.95,24.14,24.2,23.87,,05/15/23
23.93,23.93,23.93,23.93,,05/14/23
23.92,23.92,23.92,23.92,,05/13/23
24.18,23.92,24.19,23.74,,05/12/23
25.39,24.19,25.47,24.14,,05/11/23
25.61,25.45,25.91,25.22,,05/10/23
25.54,25.64,25.67,25.32,,05/09/23
25.67,25.6,25.73,25.5,,05/08/23
25.66,25.66,25.66,25.66,,05/07/23
25.66,25.66,25.66,25.66,,05/06/23
26.02,25.66,26.13,25.17,,05/05/23
25.57,26.09,26.09,25.45,,05/04/23
25.37,25.62,25.62,25.09,,05/03/23
24.99,25.41,25.47,24.58,,05/02/23
25.08,25,25.91,24.88,,05/01/23
25.06,25.06,25.06,25.06,,04/29/23
24.92,25.06,25.06,24.76,,04/28/23
24.89,24.98,25.11,24.51,,04/27/23
25.02,24.92,25.21,24.72,,04/26/23
25.17,25.07,25.35,24.49,,04/25/23
25.08,25.2,25.23,24.79,,04/24/23
25.09,25.09,25.09,25.09,,04/23/23
25.09,25.09,25.09,25.09,,04/22/23
25.28,25.09,25.37,24.9,,04/21/23
25.28,25.32,25.48,25.05,,04/20/23
25.2,25.28,25.37,24.64,,04/19/23
25.02,25.23,25.31,24.93,,04/18/23
25.37,25.13,25.37,24.81,,04/17/23
25.37,25.37,25.37,25.37,,04/16/23
25.37,25.37,25.37,25.37,,04/15/23
25.83,25.37,26.1,25.16,,04/14/23
25.49,25.82,25.94,25.38,,04/13/23
25.05,25.5,25.66,25.03,,04/12/23
24.88,25.1,25.13,24.83,,04/11/23
24.92,24.92,25.07,24.72,,04/10/23
25.03,25.03,25.03,25.03,,04/09/23
25.03,25.03,25.03,25.03,,04/08/23
25.03,25.03,25.03,25.03,,04/07/23
24.95,25.03,25.03,24.57,,04/06/23
24.99,25,25.14,24.65,,04/05/23
23.99,25.04,25.04,23.82,,04/04/23
23.95,24.02,24.19,23.57,,04/03/23
24.1,24.1,24.1,24.1,,04/02/23
24.1,24.1,24.1,24.1,,04/01/23
23.88,24.1,24.16,23.7,,03/31/23
23.33,23.9,23.93,23.24,,03/30/23
23.34,23.38,23.41,23.04,,03/29/23
23.1,23.28,23.38,22.82,,03/28/23
23.16,23.12,23.24,22.85,,03/27/23
23.23,23.23,23.23,23.23,,03/26/23
23.23,23.23,23.23,23.23,,03/25/23
23.08,23.23,23.5,22.96,,03/24/23
22.92,23.06,23.22,22.76,,03/23/23
22.39,22.92,23.06,22.26,,03/22/23
22.53,22.38,22.64,22.15,,03/21/23
22.41,22.53,22.7,22.22,,03/20/23
21.72,22.62,22.62,21.66,,03/17/23
21.81,21.7,22.07,21.47,,03/16/23
21.7,21.79,22.37,21.54,,03/15/23
21.78,21.69,21.97,21.5,,03/14/23
20.75,21.79,21.92,20.59,,03/13/23
20.75,20.67,20.87,20.65,,03/12/23
20.51,20.51,20.51,20.51,,03/11/23
20.06,20.51,20.79,19.89,,03/10/23
20.04,20.12,20.28,19.97,,03/09/23
20.09,20.01,20.22,19.9,,03/08/23
21.04,20.12,21.14,20.02,,03/07/23
21.2,21.05,21.3,20.97,,03/06/23
20.91,21.24,21.26,20.84,,03/03/23
21,20.94,21.01,20.67,,03/02/23
20.9,21.04,21.17,20.82,,03/01/23
20.64,20.94,21,20.42,,02/28/23
20.79,20.64,20.84,20.55,,02/27/23
20.77,20.77,20.77,20.77,,02/25/23
21.32,20.77,21.4,20.73,,02/24/23
21.51,21.35,21.68,21.25,,02/23/23
21.84,21.53,21.97,21.44,,02/22/23
21.82,21.86,21.97,21.64,,02/21/23
21.67,21.76,21.91,21.55,,02/20/23
21.74,21.74,21.74,21.74,,02/19/23
21.74,21.74,21.74,21.74,,02/18/23
21.55,21.74,21.81,21.17,,02/17/23
21.63,21.61,21.81,21.43,,02/16/23
21.84,21.68,21.88,21.43,,02/15/23
22,21.85,22.03,21.62,,02/14/23
22,21.96,22.07,21.79,,02/13/23
22.01,22.01,22.01,22.01,,02/12/23
22.01,22.01,22.01,22.01,,02/11/23
21.96,22.01,22.29,21.82,,02/10/23
22.28,22.04,22.58,21.91,,02/09/23
22.2,22.36,22.53,22.18,,02/08/23
22.28,22.18,22.45,22.05,,02/07/23
22.32,22.29,22.61,22.14,,02/06/23
22.36,22.36,22.36,22.36,,02/05/23
22.36,22.36,22.36,22.36,,02/04/23
23.47,22.36,23.6,22.29,,02/03/23
24.02,23.48,24.63,23.42,,02/02/23
23.71,23.97,24.03,23.36,,02/01/23
23.59,23.72,23.77,22.98,,01/31/23
23.58,23.62,24.025,23.54,,01/30/23
23.59,23.59,23.59,23.59,,01/29/23
23.59,23.59,23.59,23.59,,01/28/23
23.9,23.59,24.01,23.3,,01/27/23
23.93,23.91,24.3,23.6,,01/26/23
23.66,23.91,23.94,23.34,,01/25/23
23.47,23.69,23.74,23.22,,01/24/23
23.95,23.46,24.18,22.77,,01/23/23
23.96,23.96,23.96,23.96,,01/22/23
23.96,23.96,23.96,23.96,,01/21/23
23.86,23.96,24.08,23.7,,01/20/23
23.44,23.86,23.95,23.17,,01/19/23
23.91,23.52,24.33,23.42,,01/18/23
24.31,23.98,24.36,23.82,,01/17/23
24.24,24.4,24.52,23.94,,01/16/23
24.26,24.26,24.26,24.26,,01/14/23
23.76,24.26,24.31,23.49,,01/13/23
23.39,23.81,24.16,23.39,,01/12/23
23.61,23.45,24.04,23.21,,01/11/23
23.64,23.61,23.77,23.42,,01/10/23
23.89,23.68,24.11,23.59,,01/09/23
23.21,23.84,23.92,23.2,,01/06/23
23.78,23.24,23.91,23.12,,01/05/23
23.98,23.82,24.46,23.61,,01/04/23
24.03,24.06,24.54,23.89,,01/03/23
23.98,24.02,24.03,23.98,,01/02/23
23.89,23.97,24.16,23.53,,12/30/22
23.54,23.96,24.06,23.52,,12/29/22
24.04,23.63,24.07,23.47,,12/28/22
23.85,24.12,24.29,23.78,,12/27/22
23.56,23.72,23.87,23.51,,12/23/22
23.95,23.62,24.08,23.37,,12/22/22
24.14,24.03,24.31,23.83,,12/21/22
22.98,24.22,24.25,22.88,,12/20/22
23.19,23.05,23.41,22.84,,12/19/22
23.21,23.21,23.21,23.21,,12/17/22
23.07,23.21,23.25,22.55,,12/16/22
23.9,23.16,23.94,22.98,,12/15/22
23.72,23.99,24.04,23.37,,12/14/22
23.31,23.83,24.11,23.3,,12/13/22
23.31,23.42,23.54,23.11,,12/12/22
23.47,23.47,23.47,23.47,,12/10/22
23.1,23.47,23.68,22.96,,12/09/22
22.72,23.07,23.2,22.54,,12/08/22
22.17,22.67,22.81,22.09,,12/07/22
22.23,22.19,22.6,22.03,,12/06/22
23.1,22.33,23.52,22.16,,12/05/22
23.12,23.12,23.12,23.12,,12/04/22
23.12,23.12,23.12,23.12,,12/03/22
22.72,23.13,23.24,22.3,,12/02/22
22.28,22.74,22.79,22.05,,12/01/22
21.23,22.2,22.24,21.19,,11/30/22
20.95,21.24,21.45,20.9,,11/29/22
21.36,21.01,21.61,20.87,,11/28/22
21.62,21.62,21.62,21.62,,11/26/22
21.48,21.62,21.62,21.16,,11/25/22
21.53,21.55,21.68,21.46,,11/24/22
21.08,21.54,21.58,20.91,,11/23/22
20.85,21.09,21.32,20.84,,11/22/22
20.99,20.85,21.01,20.58,,11/21/22
20.92,20.92,20.92,20.92,,11/19/22
20.98,20.92,21.3,20.84,,11/18/22
21.42,21.03,21.48,20.76,,11/17/22
21.53,21.52,22.05,21.4,,11/16/22
21.95,21.63,22.24,21.39,,11/15/22
21.56,21.99,22.09,21.3,,11/14/22
21.71,21.71,21.71,21.71,,11/13/22
21.71,21.71,21.71,21.71,,11/12/22
21.64,21.71,22.06,21.28,,11/11/22
21.02,21.76,21.82,20.96,,11/10/22
21.34,21.13,21.59,21,,11/09/22
20.77,21.36,21.64,20.5,,11/08/22
20.56,20.83,21.01,20.39,,11/07/22
20.86,20.86,20.86,20.86,,11/05/22
19.45,20.86,20.92,19.42,,11/04/22
19.17,19.45,19.56,18.85,,11/03/22
19.64,19.21,20.05,19.2,,11/02/22
19.16,19.62,20.02,19.15,,11/01/22
19.23,19.16,19.26,18.91,,10/31/22
19.22,19.22,19.23,19.15,,10/30/22
19.25,19.25,19.25,19.25,,10/29/22
19.57,19.25,19.66,19.01,,10/28/22
19.55,19.61,19.69,19.3,,10/27/22
19.3,19.65,19.79,19.22,,10/26/22
19.22,19.37,19.45,18.79,,10/25/22
19.5,19.29,19.66,19.03,,10/24/22
19.43,19.43,19.43,19.43,,10/22/22
18.65,19.43,19.43,18.29,,10/21/22
18.46,18.69,19.01,18.22,,10/20/22
18.74,18.47,18.81,18.37,,10/19/22
18.65,18.79,18.94,18.55,,10/18/22
18.31,18.71,18.93,18.29,,10/17/22
18.28,18.28,18.28,18.28,,10/15/22
18.87,18.28,19.07,18.09,,10/14/22
19.05,18.89,19.32,18.46,,10/13/22
19.15,19.09,19.31,18.87,,10/12/22
19.61,19.22,19.72,19.07,,10/11/22
20.1,19.68,20.19,19.51,,10/10/22
20.14,20.14,20.14,20.14,,10/09/22
20.14,20.14,20.14,20.14,,10/08/22
20.64,20.14,20.82,20,,10/07/22
20.6,20.68,20.87,20.37,,10/06/22
21.03,20.73,21.07,19.95,,10/05/22
20.7,21.14,21.24,20.61,,10/04/22
19.09,20.78,20.78,19.05,,10/03/22
19.03,19.03,19.03,19.03,,10/02/22
19.03,19.03,19.03,19.03,,10/01/22
18.85,19.03,19.29,18.78,,09/30/22
18.89,18.84,18.91,18.49,,09/29/22
18.4,18.92,18.97,17.97,,09/28/22
18.38,18.46,18.78,18.32,,09/27/22
18.8,18.36,19.03,18.33,,09/26/22
18.88,18.88,18.88,18.88,,09/25/22
18.88,18.88,18.88,18.88,,09/24/22
19.63,18.88,19.71,18.78,,09/23/22
19.56,19.68,19.86,19.25,,09/22/22
19.28,19.62,19.91,19.24,,09/21/22
19.56,19.34,19.58,19.06,,09/20/22
19.54,19.63,19.65,19.23,,09/19/22
19.59,19.59,19.59,19.59,,09/18/22
19.13,19.59,19.63,18.79,,09/16/22
19.62,19.25,19.66,19.12,,09/15/22
19.3,19.72,19.72,19.24,,09/14/22
19.8,19.35,19.96,19.33,,09/13/22
18.96,19.79,20,18.84,,09/12/22
18.79,18.8,18.8,18.79,,09/11/22
18.79,18.79,18.79,18.79,,09/10/22
18.53,18.79,18.96,18.53,,09/09/22
18.48,18.6,18.75,18.32,,09/08/22
18.01,18.54,18.54,17.85,,09/07/22
18.16,18.08,18.58,17.95,,09/06/22
17.9645,18.19,18.26,17.95,,09/05/22
18.04725,18.05,18.05,18.04725,,09/04/22
18.05,18.05,18.05,18.05,,09/03/22
17.815,18.05,18.28275,17.78125,,09/02/22
17.9985,17.875,17.9985,17.56,,09/01/22
18.40525,17.995,18.545,17.94225,,08/31/22
18.78225,18.515,18.845,18.36225,,08/30/22
18.83575,18.78,18.905,18.515,,08/29/22
18.91,18.91,18.91,18.91,,08/28/22
18.91,18.91,18.91,18.91,,08/27/22
19.24,18.91,19.42425,18.834,,08/26/22
19.127,19.305,19.405,19.1,,08/25/22
19.13275,19.185,19.21,18.9625,,08/24/22
19.00075,19.185,19.27375,18.799,,08/23/22
18.99375,19.035,19.16975,18.73025,,08/22/22
19.05625,19.05625,19.05625,19.05625,,08/21/22
19.05625,19.05625,19.05625,19.05625,,08/20/22
19.5625,19.05625,19.5625,19.043,,08/19/22
19.80025,19.55,19.945,19.48675,,08/18/22
20.16375,19.865,20.28475,19.695,,08/17/22
20.29375,20.1425,20.29375,19.935,,08/16/22
20.7775,20.2795,20.875,20.10525,,08/15/22
20.81575,20.81575,20.81575,20.81575,,08/14/22
20.81575,20.81575,20.81575,20.81575,,08/13/22
20.31125,20.81575,20.845,20.24,,08/12/22
20.6075,20.316,20.645,20.25,,08/11/22
20.51125,20.5925,20.835,20.345,,08/10/22
20.65725,20.529,20.74,20.4275,,08/09/22
19.83575,20.6735,20.714,19.79675,,08/08/22
19.89325,19.89325,19.89325,19.89325,,08/07/22
19.89325,19.89325,19.89325,19.89325,,08/06/22
20.19425,19.89325,20.32425,19.583,,08/05/22
20.0475,20.1755,20.38275,19.965,,08/04/22
20,20.0635,20.17,19.79,,08/03/22
20.34625,19.97975,20.515,19.953,,08/02/22
20.236,20.3635,20.50475,20.08225,,08/01/22
20.35,20.35,20.35,20.35,,07/31/22
20.35,20.35,20.35,20.35,,07/30/22
19.97225,20.35,20.36725,19.85975,,07/29/22
19.09375,19.999,20.075,19.05975,,07/28/22
18.66125,19.16,19.16,18.45575,,07/27/22
18.42725,18.6265,18.7235,18.39175,,07/26/22
18.58425,18.439,18.79,18.32,,07/25/22
18.62,18.62,18.62,18.62,,07/24/22
18.82275,18.62,18.9435,18.50775,,07/22/22
18.7005,18.8645,18.885,18.23575,,07/21/22
18.77,18.6795,19.085,18.65475,,07/20/22
18.73025,18.754,18.905,18.57825,,07/19/22
18.7105,18.69775,19.01,18.64,,07/18/22
18.72,18.72,18.72,18.72,,07/17/22
18.4465,18.72,18.74925,18.2025,,07/15/22
19.22,18.409,19.22,18.13425,,07/14/22
18.9105,19.215,19.4,18.8625,,07/13/22
19.11725,18.93325,19.205,18.77425,,07/12/22
19.27975,19.1085,19.36675,19.075,,07/11/22
19.325,19.325,19.325,19.325,,07/10/22
19.26,19.32,19.44425,19.037,,07/08/22
19.22175,19.218,19.4825,19.1145,,07/07/22
19.27075,19.20625,19.39075,18.95875,,07/06/22
19.96425,19.2175,20.20025,19.125,,07/05/22
19.886,19.979,20.002,19.77475,,07/04/22
19.9,19.9,19.9,19.9,,07/03/22
20.272,19.9,20.29125,19.385,,07/01/22
20.75375,20.2715,20.82525,20.225,,06/30/22
20.8415,20.7335,21.047,20.6435,,06/29/22
21.1805,20.85725,21.365,20.8,,06/28/22
21.16325,21.1665,21.535,21.10025,,06/27/22
21.14,21.14,21.14,21.14,,06/26/22
21.14,21.14,21.14,21.14,,06/25/22
21.01875,21.14,21.22375,20.645,,06/24/22
21.41825,20.95975,21.48925,20.92375,,06/23/22
21.66825,21.4165,21.66825,21.245,,06/22/22
21.58825,21.6905,21.93375,21.505,,06/21/22
21.55025,21.605,21.76925,21.491,,06/20/22
21.675,21.675,21.675,21.675,,06/19/22
21.675,21.675,21.675,21.675,,06/18/22
21.88975,21.675,21.945,21.57625,,06/17/22
21.62875,21.9485,22.01,21.34825,,06/16/22
21.0495,21.68425,21.83475,21.00625,,06/15/22
21.07375,21.105,21.37875,20.90275,,06/14/22
21.99,21.0765,21.99725,20.986,,06/13/22
21.9,21.9,21.9,21.9,,06/12/22
21.9,21.9,21.9,21.9,,06/11/22
21.7145,21.9,21.985,21.315,,06/10/22
22.041,21.6855,22.155,21.565,,06/09/22
22.23525,22.05825,22.24175,21.81825,,06/08/22
22.07925,22.23025,22.295,21.8875,,06/07/22
21.942,22.08025,22.5025,21.897,,06/06/22
21.94,21.94,21.94,21.94,,06/05/22
21.94,21.94,21.94,21.94,,06/04/22
22.32775,21.94,22.48575,21.855,,06/03/22
21.8175,22.305,22.355,21.76,,06/02/22
21.573,21.825,21.9735,21.441,,06/01/22
21.99,21.56,22,21.505,,05/31/22
22.08,21.97125,22.3025,21.93425,,05/30/22
22.13,22.13,22.13,22.13,,05/29/22
22.13,22.13,22.13,22.13,,05/28/22
22.01325,22.13,22.43775,21.93825,,05/27/22
21.99425,22.0155,22.07,21.725,,05/26/22
22.10125,21.9935,22.14,21.74,,05/25/22
21.79325,22.116,22.19375,21.665,,05/24/22
21.84075,21.79575,22.185,21.685,,05/23/22
21.765,21.765,21.765,21.765,,05/22/22
21.7625,21.7625,21.7625,21.7625,,05/21/22
21.94775,21.7625,22.085,21.615,,05/20/22
21.422,21.925,21.975,21.295,,05/19/22
21.63325,21.4205,21.755,21.375,,05/18/22
21.62325,21.635,21.925,21.525,,05/17/22
21.09725,21.624,21.685,20.87675,,05/16/22
21.09925,21.09925,21.09925,21.09925,,05/15/22
21.09925,21.09925,21.09925,21.09925,,05/14/22
20.72975,21.09925,21.11375,20.5,,05/13/22
21.5625,20.68875,21.6525,20.6275,,05/12/22
21.32625,21.545,21.9325,21.245,,05/11/22
21.825,21.265,22.105,21.1925,,05/10/22
22.35825,21.7775,22.365,21.69525,,05/09/22
22.36,22.36,22.36,22.36,,05/08/22
22.36,22.36,22.36,22.36,,05/07/22
22.505,22.36,22.64025,22.14,,05/06/22
22.96625,22.5175,23.2625,22.3225,,05/05/22
22.61,22.98,23.08275,22.2225,,05/04/22
22.65,22.125,22.83525,22.125,,05/03/22
22.85,22.6425,22.85,22.13175,,05/02/22
22.77,22.77,22.77,22.77,,05/01/22
23.185,22.77,23.56,22.68375,,04/29/22
23.35375,23.425,23.735,22.90075,,04/28/22
23.265,23.115,23.68,23.115,,04/27/22
23.66625,23.165,23.92825,23.165,,04/26/22
24.16625,23.165,24.17375,23.165,,04/25/22
24.065,24.065,24.065,24.065,,04/24/22
24.065,24.065,24.065,24.065,,04/23/22
24.645,24.065,24.67,24.065,,04/22/22
25.17875,24.43,25.18375,24.065,,04/21/22
25.18375,24.715,25.28,24.715,,04/20/22
24.64975,25.0075,26.00375,24.64975,,04/19/22
25.665,25.8675,26.215,25.665,,04/18/22
25.665,25.665,25.665,25.665,,04/17/22
25.665,25.665,25.665,25.665,,04/16/22
24.915,25.665,25.665,24.915,,04/15/22
25.73,25.6725,25.875,25.3,,04/14/22
25.39325,25.74125,25.82,25.3525,,04/13/22
25.07375,25.38425,25.595,24.86875,,04/12/22
24.81875,25.0925,25.36275,24.67825,,04/11/22
23.915,23.915,23.915,23.915,,04/10/22
23.915,23.915,23.915,23.915,,04/09/22
24.60325,23.915,24.805,23.915,,04/08/22
24.43025,24.62825,24.66125,24.26375,,04/07/22
24.36825,24.43075,24.561,24.1225,,04/06/22
24.55225,24.3125,24.9395,24.22575,,04/05/22
24.63375,24.54,24.8425,24.11,,04/04/22
23.915,23.915,23.915,23.915,,04/03/22
24.803,23.915,24.8625,23.915,,04/01/22
24.88125,24.8375,25.08825,23.915,,03/31/22
24.7925,23.915,25.05925,23.915,,03/30/22
24.89375,23.915,25.015,23.915,,03/29/22
25.5175,24.815,25.57725,24.315,,03/28/22
24.315,24.315,24.315,24.315,,03/27/22
25.5575,24.33,25.72875,24.33,,03/25/22
25.165,25.54825,25.8325,24.315,,03/24/22
24.7725,25.16175,25.19875,24.68375,,03/23/22
25.2225,24.79625,25.37925,24.605,,03/22/22
24.97125,25.23325,25.29775,24.91,,03/21/22
24.975,25.01,25.14,24.9575,,03/20/22
25.3375,24.975,25.4425,24.84,,03/18/22
25.09,25.33375,25.54,25.07,,03/17/22
24.90875,25.0825,25.125,24.507,,03/16/22
25.08375,24.88125,25.11875,24.515,,03/15/22
25.65375,25.085,25.76125,24.94125,,03/14/22
25.82025,25.6975,25.93625,25.57875,,03/13/22
25.935,25.82025,25.985,25.43125,,03/11/22
25.72625,25.9225,26.05,25.3425,,03/10/22
26.455,25.80925,26.7675,25.4075,,03/09/22
25.675,26.06325,26.9175,25.3725,,03/08/22
25.98375,26.105,26.13875,25.304,,03/07/22
25.7025,25.7025,25.7025,25.7025,,03/06/22
25.7025,25.7025,25.7025,25.7025,,03/05/22
25.182,25.7025,25.735,25.0525,,03/04/22
25.2945,25.1975,25.46625,24.96875,,03/03/22
25.37375,24.52825,25.3775,24.52825,,03/02/22
24.45375,25.385,25.5,24.2825,,03/01/22
24.6275,24.4725,24.63825,24.10675,,02/28/22
24.27875,24.27875,24.27875,24.27875,,02/27/22
24.305,24.27875,24.49425,23.87325,,02/25/22
24.55,24.2275,25.61,23.895,,02/24/22
24.1475,24.58,24.58,24.02575,,02/23/22
24.06625,24.11275,24.34175,23.90325,,02/22/22
23.8015,24.215,24.215,23.69275,,02/21/22
23.96125,23.96125,23.96125,23.96125,,02/20/22
23.81025,23.96125,24.0705,23.68275,,02/18/22
23.62075,24.235,24.235,23.42025,,02/17/22
23.38525,23.6025,24.235,23.28,,02/16/22
23.8575,23.40225,23.9775,23.1,,02/15/22
23.5425,23.83875,23.9275,23.5425,,02/14/22
23.5675,23.5675,23.5675,23.5675,,02/13/22
23.19,23.5675,23.675,22.86125,,02/11/22
23.2975,23.16375,23.705,23.163,,02/10/22
23.18,23.31375,23.345,23.09075,,02/09/22
23.01375,23.18075,23.2525,22.77025,,02/08/22
22.569,23.385,23.385,22.55,,02/07/22
22.47025,22.47025,22.47025,22.47025,,02/06/22
22.47175,22.47025,22.47175,22.47025,,02/05/22
22.428,22.47225,22.63425,22.13,,02/04/22
22.63075,22.43775,22.65075,22.03325,,02/03/22
22.62625,22.6525,22.8575,22.47675,,02/02/22
22.475,22.6425,23.04,22.40275,,02/01/22
22.30825,22.46625,22.62825,22.24775,,01/31/22
24.235,24.235,24.235,24.235,,01/30/22
22.505,24.235,24.235,22.505,,01/29/22
22.78925,22.49,22.8075,22.16,,01/28/22
23.54375,22.78625,23.59075,22.5725,,01/27/22
23.83675,23.54475,24.385,23.435,,01/26/22
23.9725,23.80525,23.974,23.60375,,01/25/22
24.21075,24.985,24.985,23.56575,,01/24/22
24.305,24.305,24.305,24.305,,01/23/22
24.305,24.305,24.305,24.305,,01/22/22
24.47875,24.305,24.5595,24.17675,,01/21/22
24.14625,24.47325,24.68725,24.07775,,01/20/22
23.46375,24.18,24.205,23.3875,,01/19/22
23.00425,23.47,23.625,22.803,,01/18/22
22.925,23.22,23.22,22.835,,01/17/22
22.815,22.815,22.815,22.815,,01/16/22
23.07025,22.815,23.30325,22.815,,01/14/22
23.15325,23.07625,23.265,22.9945,,01/13/22
22.76575,23.1425,23.21425,22.64425,,01/12/22
22.465,22.935,22.935,22.44675,,01/11/22
22.34225,22.45925,22.51,22.19425,,01/10/22
22.465,22.465,22.465,22.465,,01/09/22
22.2025,22.465,22.465,21.965,,01/07/22
22.76175,22.22125,22.815,22.00175,,01/06/22
23.0465,22.77075,23.245,22.72875,,01/05/22
22.8975,23.05,23.092,22.66,,01/04/22
23.20575,22.9,23.29525,22.565,,01/03/22
23.31,23.31,23.31,23.31,,01/02/22
23,23.17125,23.305,23,,12/31/21
22.82875,23.055,23.10225,22.60075,,12/30/21
23.00325,23.085,23.1525,22.58925,,12/29/21
23.06,23.01875,23.4175,22.96275,,12/28/21
22.7925,23.0625,23.10675,22.647,,12/27/21
22.9925,22.9925,22.9925,22.9925,,12/26/21
23.1925,22.9925,23.1925,22.8075,,12/24/21
22.8025,23.19,23.19,22.66325,,12/23/21
22.5,22.805,22.83,22.4425,,12/22/21
22.28,22.515,22.774,22.18825,,12/21/21
22.40375,22.2375,22.44875,22.195,,12/20/21
22.37,22.37,22.37,22.37,,12/19/21
22.37,22.37,22.37,22.37,,12/18/21
22.4675,22.37,22.68125,22.3625,,12/17/21
22.10125,22.495,22.5325,21.9275,,12/16/21
21.9575,22.07725,22.1125,21.43875,,12/15/21
22.32625,21.94825,22.33625,21.70325,,12/14/21
22.28875,22.33575,22.40875,22.15,,12/13/21
22.178,22.178,22.178,22.178,,12/12/21
22.178,22.178,22.178,22.178,,12/11/21
21.98425,22.178,22.2075,21.82375,,12/10/21
22.445,21.9575,22.46575,21.8625,,12/09/21
22.50325,22.45625,22.55575,22.31175,,12/08/21
22.3925,22.47925,22.595,22.045,,12/07/21
22.51075,22.015,22.6,22.015,,12/06/21
22.015,22.015,22.015,22.015,,12/05/21
22.015,22.015,22.015,22.015,,12/04/21
22.42175,22.015,22.5525,22.015,,12/03/21
22.33125,22.015,22.4875,22.015,,12/02/21
22.86425,22.32,23.01975,22.1925,,12/01/21
22.91125,22.845,23.295,22.6925,,11/30/21
23.1375,23.08,23.4325,22.7575,,11/29/21
23.1475,23.1475,23.1475,23.1475,,11/28/21
23.5425,23.1475,23.715,22.9275,,11/26/21
23.545,23.505,23.715,23.505,,11/25/21
23.65325,23.54825,23.673,23.39775,,11/24/21
24.22975,23.01,24.3175,23.01,,11/23/21
24.57375,23.865,24.878,23.865,,11/22/21
24.60625,23.915,24.60625,23.915,,11/21/21
24.60625,24.60625,24.60625,24.60625,,11/20/21
24.8055,24.60625,24.96925,24.55,,11/19/21
25.06575,23.865,25.15025,23.865,,11/18/21
24.80725,25.0445,25.2,24.725,,11/17/21
25.084,24.8225,25.39,24.76575,,11/16/21
25.365,24.865,25.365,24.725,,11/15/21
25.3,25.3,25.3,25.3,,11/14/21
25.2225,25.3,25.36,24.85375,,11/12/21
24.6275,25.25875,25.25875,24.58825,,11/11/21
24.31025,24.495,25.115,23.865,,11/10/21
24.44425,24.37,24.985,24.04,,11/09/21
24.155,24.535,24.535,24.05625,,11/08/21
24.535,24.175,24.535,24.175,,11/07/21
24.535,24.535,24.535,24.535,,11/06/21
23.7775,24.535,24.535,23.658,,11/05/21
23.58875,23.7575,24.03225,23.44,,11/04/21
23.505,23.58,23.6175,23.025,,11/03/21
24.00325,23.504,24.05575,23.385,,11/02/21
23.79875,24.015,24.52,23.74575,,11/01/21
24.505,23.7825,24.505,23.77975,,10/31/21
23.87475,23.87475,23.87475,23.87475,,10/30/21
24.07875,23.87475,24.08025,23.65925,,10/29/21
24.06,24.09125,24.23225,23.96,,10/28/21
24.1575,24.045,24.23425,23.85,,10/27/21
24.57075,24.1375,24.57075,23.88125,,10/26/21
24.3325,24.55825,24.60825,24.29775,,10/25/21
24.025,24.055,24.055,24.025,,10/24/21
24.025,24.025,24.025,24.025,,10/23/21
24.1525,24.025,24.805,24.025,,10/22/21
24.33175,24.175,24.46875,24.0025,,10/21/21
23.65875,24.2925,24.41325,23.56825,,10/20/21
23.205,22.865,24.1155,22.865,,10/19/21
23.37775,23.2,23.445,23.0125,,10/18/21
23.31525,23.31525,23.31525,23.31525,,10/17/21
23.52975,23.31525,23.58275,23.07375,,10/15/21
23.08825,23.5175,23.575,22.89825,,10/14/21
22.5775,23.0925,23.24,22.5175,,10/13/21
22.58125,22.56,22.73,22.3505,,10/12/21
22.59425,22.5775,22.8175,22.5075,,10/11/21
22.6575,22.6575,22.6575,22.6575,,10/10/21
22.6025,22.6575,23.17175,22.43275,,10/08/21
22.64875,22.5925,22.79775,22.39,,10/07/21
22.625,22.755,22.755,22.215,,10/06/21
22.6375,22.63375,22.66,22.3815,,10/05/21
22.53375,22.6775,22.75125,22.28525,,10/04/21
22.53,22.53,22.53,22.53,,10/03/21
22.18,22.53,22.58,21.99325,,10/01/21
21.5325,22.1775,22.2275,21.4745,,09/30/21
22.46,21.115,22.54,21.115,,09/29/21
22.63,22.4675,22.66525,22.11175,,09/28/21
22.43875,22.115,22.823,22.115,,09/27/21
22.42875,22.42875,22.42875,22.42875,,09/26/21
22.42875,22.42875,22.42875,22.42875,,09/25/21
22.5525,22.42875,22.7925,22.106,,09/24/21
22.7325,22.515,22.87375,22.4725,,09/23/21
22.50425,22.695,23.1325,22.463,,09/22/21
22.2825,22.49,22.7075,22.23375,,09/21/21
22.4125,22.265,22.503,22.0625,,09/20/21
22.40375,22.5625,22.57,22.40375,,09/19/21
22.92075,22.40375,23.1275,22.35,,09/17/21
23.849,22.9025,23.955,22.60525,,09/16/21
23.84175,23.8475,23.9025,23.662,,09/15/21
23.74675,23.86,23.9525,23.46325,,09/14/21
23.7825,23.735,23.8475,23.39275,,09/13/21
23.515,23.515,23.515,23.515,,09/12/21
23.515,23.515,23.515,23.515,,09/11/21
24.055,23.515,24.28625,23.515,,09/10/21
23.94825,24.315,24.315,23.85,,09/09/21
24.325,23.995,24.40775,23.9275,,09/08/21
24.6475,24.315,24.67,24.16625,,09/07/21
24.7475,24.67525,24.8125,24.64,,09/06/21
24.72,24.72,24.72,24.72,,09/05/21
24.72,24.72,24.72,24.72,,09/04/21
23.9025,24.72,24.86075,23.87525,,09/03/21
24.1475,24.335,24.335,23.7925,,09/02/21
23.90125,24.16525,24.25925,23.755,,09/01/21
24.02325,23.904,24.1975,23.81675,,08/31/21
24.04625,24.0375,24.20275,23.91675,,08/30/21
24.0225,24.0225,24.0225,24.0225,,08/29/21
23.57625,24.0225,24.11025,23.35,,08/27/21
23.84275,23.5675,23.86625,23.4325,,08/26/21
23.83375,23.8475,23.88425,23.6275,,08/25/21
23.634,24.0375,24.0375,23.53275,,08/24/21
23.07675,23.64425,23.68275,22.97125,,08/23/21
23.24,23.02725,23.3225,22.88325,,08/20/21
23.52,23.21575,23.535,23.09525,,08/19/21
23.66875,23.515,23.82,23.29125,,08/18/21
23.855,23.6325,23.94575,23.585,,08/17/21
23.76625,23.84375,23.892,23.43025,,08/16/21
23.2025,23.74,23.82775,23.17075,,08/13/21
23.54,23.1755,23.55,23.018,,08/12/21
23.34825,23.57325,23.5825,23.20525,,08/11/21
23.44625,23.33525,23.67,23.2495,,08/10/21
24.3075,23.44625,24.3075,22.75275,,08/09/21
24.34325,24.34325,24.34325,24.34325,,08/08/21
24.34325,24.34325,24.34325,24.34325,,08/07/21
25.17125,24.34325,25.20375,24.2075,,08/06/21
25.4,25.7925,25.7925,25.08875,,08/05/21
25.5275,26.2925,26.2925,25.33825,,08/04/21
25.41225,25.5225,25.5825,25.2575,,08/03/21
25.505,25.43075,25.62875,25.30825,,08/02/21
25.4875,25.4875,25.4875,25.4875,,08/01/21
25.4875,25.4875,25.4875,25.4875,,07/31/21
25.54,25.4875,25.63575,25.34075,,07/30/21
24.9875,25.53375,25.79,24.9675,,07/29/21
24.704,24.965,25.00475,24.6425,,07/28/21
25.20775,24.785,25.25925,24.49125,,07/27/21
25.20375,25.465,25.465,25.1275,,07/26/21
25.42075,25.17875,25.46,25.015,,07/23/21
25.295,26.435,26.585,25.00825,,07/22/21
24.94825,25.275,25.3025,24.7695,,07/21/21
25.175,25.585,25.585,24.8125,,07/20/21
25.6525,25.20075,25.75575,25.005,,07/19/21
25.69075,26.585,26.585,25.69075,,07/18/21
26.335,25.69075,26.44275,25.596,,07/16/21
26.24925,26.805,26.805,26.16225,,07/15/21
25.9825,26.805,26.805,25.93775,,07/14/21
26.2125,25.985,26.805,25.9425,,07/13/21
26.1125,26.21875,26.26875,25.8705,,07/12/21
26.805,26.805,26.805,26.805,,07/11/21
26.805,26.805,26.805,26.805,,07/10/21
25.9425,26.805,26.805,25.77125,,07/09/21
26.15625,26.805,26.805,25.81175,,07/08/21
26.145,26.1475,26.42825,25.995,,07/07/21
26.8425,26.14875,26.8425,26.02,,07/06/21
26.4575,26.835,26.835,26.37675,,07/05/21
26.57,26.5625,26.585,26.55875,,07/04/21
26.585,26.585,26.585,26.585,,07/03/21
26.03,26.585,26.585,25.97775,,07/02/21
26.13875,26.02375,26.38425,25.94325,,07/01/21
25.805,26.1375,26.14,25.70625,,06/30/21
26.08625,25.765,26.11,25.5725,,06/29/21
26.11,26.095,26.215,25.81,,06/28/21
25.885,26.685,26.685,25.885,,06/27/21
25.975,25.885,26.28425,25.885,,06/25/21
25.8925,25.93,26.13,25.81925,,06/24/21
25.8,25.8825,26.26325,25.7525,,06/23/21
25.985,25.7625,26.02575,25.71925,,06/22/21
25.89,25.9475,26.0775,25.5675,,06/21/21
25.98625,25.8,26.4535,25.77,,06/18/21
27.00625,25.90625,27.2385,25.77175,,06/17/21
27.66875,26.99575,27.81425,26.80825,,06/16/21
27.87,27.665,27.8855,27.41325,,06/15/21
27.95,27.85375,28.00175,27.47825,,06/14/21
27.91875,27.91875,27.91875,27.91875,,06/12/21
28.0025,27.91875,28.27425,27.88825,,06/11/21
27.7775,28.00325,28.015,27.47425,,06/10/21
27.60075,27.7675,27.98075,27.52725,,06/09/21
27.89,27.62125,27.97175,27.52175,,06/08/21
27.76025,27.88875,27.9375,27.478,,06/07/21
27.795,27.795,27.795,27.795,,06/06/21
27.795,27.795,27.795,27.795,,06/05/21
27.4575,27.795,27.835,27.24625,,06/04/21
28.16175,27.43625,28.22,27.04775,,06/03/21
27.87625,28.17375,28.18,27.6925,,06/02/21
28.075,27.88625,28.5075,27.82375,,06/01/21
27.9425,28.0425,28.132,27.8825,,05/31/21
27.9125,27.9125,27.9125,27.9125,,05/30/21
27.8875,27.9125,27.96,27.40425,,05/28/21
27.67675,27.845,27.8775,27.49275,,05/27/21
27.99,27.67325,28.2225,27.62,,05/26/21
27.745,28.00375,28.01825,27.47875,,05/25/21
27.53125,27.77175,27.885,27.51,,05/24/21
27.065,27.065,27.065,27.065,,05/23/21
27.7675,27.065,28.04925,27.065,,05/21/21
27.73875,27.755,27.985,27.40425,,05/20/21
28.18,27.73625,28.2275,27.38,,05/19/21
28.21675,28.18,28.73975,28.02325,,05/18/21
27.425,28.175,28.2775,27.35575,,05/17/21
27.585,27.585,27.585,27.585,,05/16/21
27.105,27.585,27.585,26.83825,,05/14/21
27.04125,27.09375,27.23,26.74225,,05/13/21
27.624,27.0175,27.675,26.95375,,05/12/21
27.32375,27.6175,27.6575,27.10625,,05/11/21
27.51625,27.2925,27.8625,27.2325,,05/10/21
26.915,26.915,26.915,26.915,,05/09/21
26.915,26.915,26.915,26.915,,05/08/21
27.26875,26.915,27.64,26.915,,05/07/21
26.50625,27.3075,27.44175,26.18425,,05/06/21
26.475,26.485,26.62,26.11375,,05/05/21
26.9,26.51625,27.094,26.09975,,05/04/21
25.87625,26.895,26.985,25.81375,,05/03/21
25.915,25.915,25.915,25.915,,05/02/21
25.915,25.915,25.915,25.915,,05/01/21
26.09,25.915,26.18525,25.8025,,04/30/21
26.2425,26.10125,26.465,25.75825,,04/29/21
26.26375,26.2025,26.295,25.835,,04/28/21
26.215,26.265,26.4505,26.0525,,04/27/21
25.98,26.2175,26.2175,25.86575,,04/26/21
25.565,25.565,25.565,25.565,,04/25/21
26.14875,25.565,26.37825,25.565,,04/23/21
26.56625,26.16875,26.58,25.97775,,04/22/21
25.845,26.5525,26.63,25.76875,,04/21/21
25.81825,25.85,26.0875,25.68925,,04/20/21
25.92125,25.8175,26.2205,25.64175,,04/19/21
25.97,25.97,25.97,25.97,,04/17/21
25.87,25.97,26.28825,25.7625,,04/16/21
25.41075,25.84575,25.97775,25.3325,,04/15/21
25.35875,25.4225,25.52025,25.19925,,04/14/21
24.8325,25.33775,25.4525,24.70075,,04/13/21
25.245,24.8175,25.2725,24.71,,04/12/21
24.015,24.015,24.015,24.015,,04/11/21
24.015,24.015,24.015,24.015,,04/10/21
25.46775,24.015,25.48875,24.015,,04/09/21
25.155,25.44875,25.59,24.99425,,04/08/21
25.16125,25.1525,25.2675,24.86,,04/07/21
24.89125,24.015,25.28375,24.015,,04/06/21
25.005,24.88125,25.06675,24.6175,,04/05/21
24.9725,24.9725,24.9725,24.9725,,04/04/21
24.43425,24.9725,24.9775,24.25625,,04/01/21
24.01625,24.4125,24.50825,23.78875,,03/31/21
24.6825,24.02225,24.725,23.865,,03/30/21
25.0575,24.6475,25.08925,24.4805,,03/29/21
25.385,25.385,25.385,25.385,,03/28/21
25.12275,25.385,25.385,24.885,,03/26/21
25.05,25.12175,25.1725,24.42725,,03/25/21
25.06775,25.04675,25.35325,24.99925,,03/24/21
25.7875,25.07625,25.82375,25.00975,,03/23/21
25.885,25.77375,25.95425,25.4125,,03/22/21
26.385,25.965,26.385,25.965,,03/21/21
26.385,26.385,26.385,26.385,,03/20/21
25.98125,26.385,26.385,25.88175,,03/19/21
26.36075,26.0425,26.675,25.8475,,03/18/21
25.9525,26.3625,26.505,25.7735,,03/17/21
26.22575,25.9425,26.296,25.8375,,03/16/21
26.0275,26.2275,26.28675,25.8125,,03/15/21
26.58,26.025,26.58,25.9375,,03/14/21
26.6,26.6,26.6,26.6,,03/13/21
26.09875,26.6,26.6,25.385,,03/12/21
26.19775,26.12375,26.44375,25.9025,,03/11/21
25.93525,26.21,26.215,25.5575,,03/10/21
25.1925,25.925,26.12,25.05675,,03/09/21
25.48625,25.12275,25.89125,24.9725,,03/08/21
25.24,25.24,25.24,25.24,,03/07/21
25.36875,25.24,25.44,24.8375,,03/05/21
26.1125,25.39375,26.2975,25.08475,,03/04/21
26.755,26.08,26.8075,25.87,,03/03/21
26.52625,26.75025,26.88325,25.85625,,03/02/21
26.77375,26.56125,27.04925,26.43125,,03/01/21
26.6775,25.56,26.6775,25.52,,02/28/21
27.4675,26.6775,27.5915,26.14175,,02/26/21
27.84125,27.41625,28.1925,27.26825,,02/25/21
27.645,27.9525,28.01375,27.32825,,02/24/21
28.1775,27.685,28.31225,27.32625,,02/23/21
27.5375,28.1525,28.2725,27.30125,,02/22/21
27.275,27.275,27.275,27.275,,02/21/21
27.04275,27.275,27.59,25.82,,02/19/21
27.38375,27.03375,27.5005,26.87,,02/18/21
27.20125,27.395,27.42025,26.85075,,02/17/21
27.609,27.23375,27.94125,26.8475,,02/16/21
27.50125,27.595,27.68875,27.37075,,02/15/21
27.355,27.78,27.78,27.355,,02/14/21
27.355,27.355,27.355,27.355,,02/13/21
26.9775,27.355,27.39925,26.865,,02/12/21
27.05,26.97925,27.27275,26.70825,,02/11/21
27.2675,27.04375,27.49175,26.8815,,02/10/21
27.27,27.265,27.79825,27.10675,,02/09/21
27.23375,27.27425,27.5575,26.8625,,02/08/21
26.9025,26.9025,26.9025,26.9025,,02/07/21
26.34175,26.9025,27.02625,26.20875,,02/05/21
26.90125,26.35,26.92875,25.91975,,02/04/21
26.82,26.90575,27.175,26.48125,,02/03/21
28.74575,26.7275,28.85025,26.285,,02/02/21
28.62,28.9875,29.96675,28.06425,,02/01/21
27.705,27.705,27.705,27.705,,01/31/21
27.705,27.705,27.705,27.705,,01/30/21
26.53525,27.705,27.705,26.0575,,01/29/21
25.25525,26.51925,26.8925,24.875,,01/28/21
25.46375,25.26025,25.48575,24.715,,01/27/21
25.32,25.46275,25.6325,25.20875,,01/26/21
25.5475,25.34,25.76375,25.195,,01/25/21
25.595,25.585,25.595,25.585,,01/24/21
25.595,25.595,25.595,25.595,,01/23/21
25.95,25.595,25.9675,25.0425,,01/22/21
25.85175,25.935,26.05125,25.66875,,01/21/21
25.2325,25.835,25.87875,25.07575,,01/20/21
25.00625,25.2175,25.4025,24.9625,,01/19/21
24.78625,25.145,26.045,24.21625,,01/18/21
25.56375,24.77675,25.7725,24.60375,,01/15/21
25.295,25.51,25.875,25.09475,,01/14/21
25.54375,25.215,25.6875,25.165,,01/13/21
25.06125,25.5525,25.63625,24.99275,,01/12/21
25.344,24.9025,25.395,24.41425,,01/11/21
0,27.545,27.545,27.545,,01/10/21
27.15875,25.42725,27.2125,24.53625,,01/08/21
27.3275,27.1425,27.36,26.92125,,01/07/21
27.56,27.3,27.91875,26.6625,,01/06/21
27.16825,27.5575,27.68375,26.995,,01/05/21
26.65125,27.235,27.53875,26.65125,,01/04/21
26.40125,26.40125,26.40125,26.40125,,01/03/21
26.59075,26.45525,26.68875,26.261,,12/31/20
26.18875,26.66875,26.67875,26.1455,,12/30/20
26.22075,26.21375,26.59825,25.985,,12/29/20
25.28725,26.22125,26.76375,25.28725,,12/28/20
25.83,25.83,25.83,25.83,,12/27/20
25.5475,25.83,25.90425,25.43575,,12/24/20
25.25,25.53775,25.78375,25.0975,,12/23/20
26.23625,25.18425,26.57925,25.055,,12/22/20
25.86,26.17,27.37075,25.15,,12/21/20
25.8125,25.8125,25.8125,25.8125,,12/20/20
26.0075,25.8125,26.115,25.66875,,12/18/20
25.305,26.075,26.08125,25.16125,,12/17/20
24.53125,25.34525,25.4675,24.45425,,12/16/20
23.86275,24.5,24.55875,23.83125,,12/15/20
23.97375,23.8325,24.2275,23.68725,,12/14/20
23.9375,23.9375,23.9375,23.9375,,12/13/20
24.005,23.9375,24.09875,23.61625,,12/11/20
23.92,23.61,24.27325,23.605,,12/10/20
24.55875,23.95,24.57625,23.6225,,12/09/20
24.49575,24.55,24.86125,24.44,,12/08/20
24.195,24.485,24.77625,23.60225,,12/07/20
24.065,24.195,24.34225,23.805,,12/04/20
24.07775,24.0625,24.28125,23.375,,12/03/20
23.94425,24.1,24.31125,23.56125,,12/02/20
22.62075,24.0055,24.05,22.5925,,12/01/20
22.75125,22.62275,22.75125,21.9075,,11/30/20
22.8125,22.8125,22.8125,22.8125,,11/29/20
22.95,22.7,23.31625,22.35625,,11/27/20
23.37625,23.8,23.8,23.19,,11/26/20
23.2925,23.345,23.51425,23.11125,,11/25/20
23.6275,23.395,23.63125,22.94575,,11/24/20
24.1475,23.605,24.39125,23.4425,,11/23/20
24.16975,24.16975,24.16975,24.16975,,11/21/20
23.95225,24.16975,24.5175,23.91,,11/20/20
24.3725,24.04675,24.3725,23.64,,11/19/20
24.5,24.3375,24.6925,24.2425,,11/18/20
24.77075,24.4775,24.80625,24.3675,,11/17/20
24.66375,24.77,25.06325,24.22,,11/16/20
25.0925,24.9425,25.0925,24.9425,,11/15/20
24.30875,25.095,25.095,24.15675,,11/13/20
24.28125,24.2825,24.39,24.045,,11/12/20
24.20025,24.2825,24.42875,23.80375,,11/11/20
24.075,24.2225,24.4925,23.90825,,11/10/20
25.7775,24.085,25.9875,23.60125,,11/09/20
24.705,24.705,24.705,24.705,,11/08/20
25.25875,24.705,25.825,24.705,,11/06/20
23.9075,25.39,25.47,23.9025,,11/05/20
24.29,23.9,24.47125,23.31375,,11/04/20
24.085,24.22375,24.36675,23.91625,,11/03/20
23.61875,24.225,24.225,23.4,,11/02/20
24.7375,23.9775,24.7375,23.9775,,11/01/20
24.7375,24.7375,24.7375,24.7375,,10/31/20
23.28175,24.7375,24.7375,23.17275,,10/30/20
23.39875,23.2475,23.57075,22.5975,,10/29/20
24.29875,23.40375,24.5675,23.04,,10/28/20
24.30125,24.26625,24.60125,24.2275,,10/27/20
24.30125,24.3,24.56125,24.12625,,10/26/20
25.495,24.40875,25.495,24.405,,10/25/20
24.72875,25.495,25.495,24.43,,10/23/20
25.04625,24.7245,25.08625,24.38875,,10/22/20
24.74,25.045,25.27,24.68875,,10/21/20
24.37625,24.635,24.92375,24.33875,,10/20/20
24.21125,24.3975,24.94975,24.12375,,10/19/20
24.7875,24.7875,24.7875,24.7875,,10/18/20
24.33125,23.7525,24.5075,23.7525,,10/16/20
24.27375,24.27975,24.3075,23.615,,10/15/20
24.2175,24.7875,24.7875,23.90675,,10/14/20
25.1575,24.15375,25.19875,23.94,,10/13/20
25.08325,25.105,25.57,24.8425,,10/12/20
24.2125,24.2125,24.2125,24.2125,,10/11/20
23.8725,24.2125,25.17875,23.8325,,10/09/20
23.81375,23.84,24.1925,23.66825,,10/08/20
23.12625,23.8075,23.9575,23.08375,,10/07/20
24.3825,23.065,24.48625,22.92,,10/06/20
23.8575,24.4875,24.6925,23.68875,,10/05/20
23.725,23.725,23.725,23.725,,10/04/20
23.78375,23.725,24.1825,23.48575,,10/02/20
23.32625,24.0475,24.15325,23.24125,,10/01/20
24.26125,23.2375,24.31125,23.1575,,09/30/20
23.7025,24.20225,24.395,23.3975,,09/29/20
23.0525,22.9975,23.72075,22.555,,09/28/20
23.2375,23.2375,23.2375,23.2375,,09/27/20
23.1875,23.2375,23.29125,22.48875,,09/25/20
22.87875,23.17725,23.33175,21.66825,,09/24/20
24.4225,22.7775,24.4675,22.60925,,09/23/20
24.83175,24.38875,25.19225,23.8685,,09/22/20
26.70625,24.895,26.9575,23.83625,,09/21/20
27.2875,27.2875,27.2875,27.2875,,09/20/20
27.01875,27.2875,27.2875,26.70375,,09/18/20
27.175,27.0495,27.2075,26.3275,,09/17/20
27.16125,27.4875,27.4875,26.9,,09/16/20
27.15,27.5475,27.61675,27.03325,,09/15/20
26.6925,27.1175,27.29475,26.685,,09/14/20
26.75075,26.75075,26.75075,26.75075,,09/12/20
26.91775,26.75075,27.0285,26.59,,09/11/20
26.98875,26.8825,27.4775,26.69875,,09/10/20
26.6325,26.97175,27.12575,26.41925,,09/09/20
26.89875,26.665,27.1,25.855,,09/08/20
26.9,26.55925,27.1475,26.525,,09/07/20
26.9925,26.9925,26.9925,26.9925,,09/06/20
26.64625,26.9925,27.00075,26.34,,09/04/20
27.4275,26.6025,27.7025,26.49375,,09/03/20
28.05225,27.4475,28.31225,27.07875,,09/02/20
28.18075,28.11,28.8925,27.718,,09/01/20
27.6375,28.1375,28.35325,27.61825,,08/31/20
27.495,27.495,27.495,27.495,,08/30/20
27.495,27.495,27.495,27.495,,08/29/20
27.02625,27.495,27.7075,26.8425,,08/28/20
27.44325,27.01525,27.8925,26.53575,,08/27/20
26.54075,27.50975,27.50975,26.13375,,08/26/20
26.6325,26.535,26.79,26.1075,,08/25/20
26.6925,26.3125,27.2325,26.275,,08/24/20
25.9125,25.93725,25.93725,25.9125,,08/23/20
27.28625,25.9125,27.53625,25.9125,,08/21/20
26.78375,26.835,27.50625,26.6075,,08/20/20
27.80125,26.7125,28.00125,26.5025,,08/19/20
27.44125,28.8925,28.8925,27.12875,,08/18/20
26.59,27.4975,27.56375,25.86875,,08/17/20
26.4475,26.4475,26.4475,26.4475,,08/16/20
26.4475,26.4475,26.4475,26.4475,,08/15/20
27.40375,26.4475,27.69375,25.82425,,08/14/20
25.74125,27.52825,27.65325,25.30625,,08/13/20
25.34625,25.12,26.29,23.5025,,08/12/20
29.01375,24.7975,29.25125,24.54375,,08/11/20
28.20725,28.61,29.385,27.83125,,08/10/20
28.2975,28.2975,28.2975,28.2975,,08/09/20
28.2975,28.2975,28.2975,28.2975,,08/08/20
29.14225,28.2975,29.8425,27.45225,,08/07/20
27.0625,29.425,29.425,26.82125,,08/06/20
26.0625,26.9425,27.115,25.52125,,08/05/20
24.39375,26.0075,26.01575,24.155,,08/04/20
24.765,23.5125,24.82125,23.5125,,08/03/20
24.4425,24.4425,24.4425,24.4425,,08/02/20
24.4425,24.4425,24.4425,24.4425,,08/01/20
23.5225,24.4425,24.46875,23.29625,,07/31/20
24.375,23.495,24.38625,22.97125,,07/30/20
24.49375,24.31375,24.90925,23.44,,07/29/20
24.735,24.4025,26.15125,22.41125,,07/28/20
22.84425,24.585,24.6,22.84425,,07/27/20
22.79,22.79,22.79,22.79,,07/26/20
22.79,22.79,22.79,22.79,,07/25/20
22.68,22.79,22.91075,22.43125,,07/24/20
23.2375,22.225,23.2375,22.2125,,07/23/20
21.29,22.9925,23.0425,21.29,,07/22/20
19.9,21.29,21.3215,19.86125,,07/21/20
19.325,19.91375,19.9225,19.24775,,07/20/20
19.335,19.075,19.335,19.0125,,07/19/20
19.335,19.335,19.335,19.335,,07/18/20
19.16,19.335,19.39125,18.91775,,07/17/20
19.4675,19.1175,19.4675,19.09425,,07/16/20
18.8625,19.19475,19.78,18.8625,,07/15/20
19.08625,18.8125,19.29075,18.8125,,07/14/20
18.76125,19.065,19.3825,18.74,,07/13/20
18.72425,18.72425,18.72425,18.72425,,07/12/20
18.72425,18.72425,18.72425,18.72425,,07/11/20
18.645,18.72425,18.80175,18.4925,,07/10/20
18.755,18.6475,19.05,18.5075,,07/09/20
18.25375,18.715,18.76675,18.25175,,07/08/20
18.28925,18.32,18.36125,17.995,,07/07/20
18.02825,18.1675,18.395,17.945,,07/06/20
18.0475,17.5075,18.0475,17.5075,,07/05/20
17.9525,18.0475,18.07125,17.9375,,07/03/20
18.0425,17.94625,18.1175,17.7925,,07/02/20
18.2025,17.515,18.435,17.515,,07/01/20
17.835,17.515,18.24075,17.515,,06/30/20
17.8275,17.855,17.95125,17.6875,,06/29/20
17.80375,17.80375,17.80375,17.80375,,06/27/20
17.765,17.80375,17.93375,17.49575,,06/26/20
17.50625,17.865,17.865,17.4475,,06/25/20
17.94625,17.865,18.07125,17.4335,,06/24/20
17.7275,17.775,18.01,17.66975,,06/23/20
17.70125,17.72,18.0225,17.66675,,06/22/20
17.6225,17.6225,17.6225,17.6225,,06/21/20
17.6225,17.6225,17.6225,17.6225,,06/20/20
17.37875,17.6225,17.80675,17.36675,,06/19/20
17.48325,17.3675,17.6725,17.313,,06/18/20
17.44625,17.52775,17.605,17.33875,,06/17/20
17.4075,17.635,17.635,17.2825,,06/16/20
17.47375,17.3975,17.53525,16.94875,,06/15/20
17.49125,17.49125,17.49125,17.49125,,06/14/20
17.49125,17.49125,17.49125,17.49125,,06/13/20
17.66625,17.49125,17.74075,17.39575,,06/12/20
18.15375,17.65,18.16,17.47825,,06/11/20
17.5725,18.125,18.17725,17.545,,06/10/20
17.4445,17.55,17.7725,17.4445,,06/09/20
17.32875,17.78875,17.8,17.3275,,06/08/20
17.41,17.41,17.41,17.41,,06/07/20
17.41,17.41,17.41,17.41,,06/06/20
17.72375,17.41,17.7575,17.22125,,06/05/20
17.65375,17.7075,17.843,17.4725,,06/04/20
18.0625,17.495,18.07,17.4875,,06/03/20
18.29,18.0775,18.37175,17.79575,,06/02/20
18.0125,18.2925,18.38925,18.0125,,06/01/20
17.87,17.87,17.87,17.87,,05/30/20
17.3975,17.87,17.90925,17.26875,,05/29/20
17.2825,17.365,17.50425,17.18725,,05/28/20
17.155,17.2675,17.35625,16.85325,,05/27/20
17.09125,17.14,17.45,17.03275,,05/26/20
17.15125,16.5375,17.17875,16.53,,05/25/20
17.2075,17.2075,17.2075,17.2075,,05/24/20
17.11375,17.2075,17.2325,16.74625,,05/22/20
17.5275,17.11875,17.53375,16.895,,05/21/20
17.35625,17.565,17.63475,17.275,,05/20/20
17,17.345,17.4875,16.99,,05/19/20
16.77925,16.97,17.56825,16.66775,,05/18/20
16.6425,16.6425,16.6425,16.6425,,05/17/20
15.85675,16.6425,16.735,15.7925,,05/15/20
15.585,15.885,15.895,15.45125,,05/14/20
15.45925,15.59125,15.64,15.39125,,05/13/20
15.48375,15.4225,15.625,15.35275,,05/12/20
15.4875,15.50675,15.61225,15.27875,,05/11/20
15.47675,15.47675,15.47675,15.47675,,05/10/20
15.47675,15.47675,15.47675,15.47675,,05/09/20
15.3225,15.47675,15.63,15.2225,,05/08/20
14.8725,15.465,15.465,14.84925,,05/07/20
14.965,14.86,15.16625,14.8275,,05/06/20
14.79,14.9675,15.04625,14.73075,,05/05/20
14.94875,14.77925,15.0625,14.735,,05/04/20
14.965,14.965,14.965,14.965,,05/03/20
14.93225,14.965,15.05125,14.75075,,05/01/20
15.29875,14.955,15.51125,14.7825,,04/30/20
15.18,15.295,15.39325,15.09875,,04/29/20
15.0375,15.1225,15.2275,14.92,,04/28/20
15.24075,15.2275,15.34,15.035,,04/27/20
15.25,15.25,15.25,15.25,,04/26/20
15.2525,15.25,15.39,15.0325,,04/24/20
15.0925,15.25375,15.4425,14.975,,04/23/20
14.905,15.11,15.1425,14.71125,,04/22/20
15.32425,14.875,15.325,14.53675,,04/21/20
15.1725,15.295,15.4325,15.06,,04/20/20
15.185,15.185,15.185,15.185,,04/19/20
15.53875,15.185,15.55375,15.07,,04/17/20
15.4825,15.6125,15.6125,15.2055,,04/16/20
15.73,15.5025,15.775,15.2825,,04/15/20
15.4125,15.76075,15.8375,15.3525,,04/14/20
15.4075,15.4025,15.5125,15.1575,,04/13/20
15.035,15.035,15.035,15.035,,04/12/20
15.025,15.035,15.08075,15.025,,04/10/20
14.92275,15.44125,15.53875,14.92275,,04/09/20
15.0275,14.94,15.13,14.86725,,04/08/20
15.0075,15.0175,15.475,14.87375,,04/07/20
14.3875,15.00625,15.0775,14.24875,,04/06/20
14.3925,14.3925,14.3925,14.3925,,04/05/20
14.53,14.3925,14.54375,14.28625,,04/03/20
14.00125,14.485,14.53125,13.91475,,04/02/20
13.915,13.9575,14.13875,13.82025,,04/01/20
14.0925,13.9775,14.245,13.87375,,03/31/20
14.53625,14.06,14.555,13.8225,,03/30/20
14.485,14.485,14.485,14.485,,03/29/20
14.4825,14.485,14.63125,14.1925,,03/27/20
14.3475,14.4275,14.675,14.17375,,03/26/20
14.5,14.34625,14.72875,14.02625,,03/25/20
13.4375,14.425,14.49375,13.22875,,03/24/20
12.3675,13.4375,13.44125,12.3675,,03/23/20
12.6325,12.345,12.65,12.28875,,03/22/20
12.06,12.6325,13.02575,12.0575,,03/20/20
12.0775,12.0725,12.3075,11.7975,,03/19/20
12.755,12.04,12.88,11.68625,,03/18/20
12.975,12.74,13.24,12.135,,03/17/20
14.795,12.94,14.89375,11.8525,,03/16/20
14.6975,14.76625,15.195,14.6975,,03/15/20
15.7725,14.6975,15.86375,14.45125,,03/13/20
16.77125,15.7575,16.90875,15.5275,,03/12/20
16.94375,16.77125,17.11375,16.675,,03/11/20
16.9275,16.95625,17.195,16.8175,,03/10/20
17.49375,16.895,17.51625,16.5725,,03/09/20
17.005,17.005,17.005,17.005,,03/08/20
17.4275,17.34625,17.57125,17.08625,,03/06/20
17.205,17.42275,17.465,17.15875,,03/05/20
17.25125,17.215,17.32875,17.095,,03/04/20
16.79125,16.005,17.46125,16.005,,03/03/20
16.4925,16.0075,17.04625,16.005,,03/02/20
16.005,16.005,16.005,16.005,,03/01/20
17.73375,16.205,17.865,16.205,,02/28/20
17.91875,17.605,18.13125,17.605,,02/27/20
18.01,17.755,18.21,17.755,,02/26/20
18.64125,17.99525,18.64375,17.89375,,02/25/20
18.6475,18.6325,18.95,18.54625,,02/24/20
18.37125,18.4875,18.63,18.36375,,02/21/20
18.42375,18.37225,18.445,18.23,,02/20/20
18.1725,18.4325,18.46375,18.15875,,02/19/20
17.805,18.17375,18.23625,17.8025,,02/18/20
17.7075,17.615,17.88875,17.615,,02/17/20
17.64875,17.7475,17.81125,17.63,,02/14/20
17.4875,17.645,17.73625,17.47375,,02/13/20
17.64625,17.305,17.66375,17.305,,02/12/20
17.775,17.64675,17.81125,17.57625,,02/11/20
17.68875,17.9225,17.9225,17.68875,,02/10/20
17.81875,17.7075,17.86125,17.64,,02/07/20
17.6075,17.9225,17.9225,17.6075,,02/06/20
17.61125,17.62,17.72625,17.49,,02/05/20
17.6975,17.595,17.78375,17.535,,02/04/20
18.075,17.68625,18.10375,17.60375,,02/03/20
17.855,18.03875,18.09375,17.79625,,01/31/20
17.54375,17.8375,18.04125,17.54375,,01/30/20
17.5175,17.5575,17.59125,17.38875,,01/29/20
18.08375,17.355,18.12,17.355,,01/28/20
18.27125,18.10425,18.33875,18.04875,,01/27/20
17.80375,18.12,18.1475,17.75125,,01/24/20
17.84,17.4925,17.91375,17.4925,,01/23/20
17.795,17.4925,17.9275,17.4925,,01/22/20
18.07375,17.525,18.15125,17.525,,01/21/20
18.04375,18.0675,18.12875,18.00125,,01/20/20
16.0075,16.0075,16.0075,16.0075,,01/19/20
17.9475,18.0375,18.17125,17.91125,,01/17/20
17.99125,17.94225,18.04875,17.875,,01/16/20
17.80375,18.005,18.0375,17.75,,01/15/20
17.96,17.79925,17.965,17.68375,,01/14/20
18.075,17.9575,18.09125,17.93,,01/13/20
17.91875,18.105,18.15375,17.85125,,01/10/20
18.09625,17.905,18.205,17.81,,01/09/20
18.425,18.10425,18.8025,18.05875,,01/08/20
18.15125,18.4075,18.44,17.96375,,01/07/20
18.2475,17.96,18.48875,17.96,,01/06/20
18.005,18.005,18.005,18.005,,01/05/20
18.015,18.005,18.26625,18,,01/03/20
17.91,18.0275,18.0975,17.79125,,01/02/20
17.92375,17.855,18.145,17.825,,12/31/19
17.78375,17.605,17.9625,17.605,,12/30/19
17.76425,17.76425,17.76425,17.76425,,12/29/19
17.90375,17.76425,17.96875,17.74875,,12/27/19
17.76375,17.905,18.05,17.74125,,12/26/19
17.44375,17.775,17.785,17.38,,12/24/19
17.18875,17.615,17.615,17.18625,,12/23/19
17.20625,17.20625,17.20625,17.20625,,12/22/19
17.06625,17.20625,17.25625,17.0325,,12/20/19
17.015,17.06475,17.1275,16.90625,,12/19/19
17.01,17.0175,17.07,16.89,,12/18/19
17.03375,17.015,17.11,16.97125,,12/17/19
16.9475,17.04125,17.0875,16.9075,,12/16/19
16.945,16.945,16.945,16.945,,12/15/19
16.92125,16.945,17.02625,16.85,,12/13/19
16.8725,16.93275,17.115,16.78375,,12/12/19
16.66875,16.8575,16.9625,16.60375,,12/11/19
16.61,16.8775,16.8775,16.58,,12/10/19
16.5525,16.6025,16.6825,16.53,,12/09/19
16.57525,16.57525,16.57525,16.57525,,12/08/19
16.57525,16.57525,16.57525,16.57525,,12/07/19
16.96125,16.57525,16.9925,16.54375,,12/06/19
16.8625,16.9675,17.01625,16.82375,,12/05/19
17.15875,16.8525,17.29625,16.805,,12/04/19
16.905,17.18,17.205,16.87625,,12/03/19
16.975,16.905,16.99,16.8275,,12/02/19
17.0175,17.0175,17.0175,17.0175,,12/01/19
16.9425,17.0175,17.04875,16.86125,,11/29/19
16.9775,16.875,17.01375,16.875,,11/28/19
17.0875,16.9725,17.09625,16.9375,,11/27/19
16.89125,17.0825,17.115,16.82875,,11/26/19
16.95,16.615,16.9925,16.615,,11/25/19
16.9975,16.9975,16.9975,16.9975,,11/24/19
17.10125,16.9975,17.23625,16.99125,,11/22/19
17.18625,17.375,17.375,17.0475,,11/21/19
17.165,17.14725,17.20875,17.0375,,11/20/19
17.035,17.1525,17.1825,16.975,,11/19/19
16.975,17.04,17.06,16.75875,,11/18/19
16.97025,16.97025,16.97025,16.97025,,11/17/19
17.03125,16.97025,17.0325,16.83875,,11/15/19
16.97875,17.0225,17.10375,16.895,,11/14/19
16.7975,16.615,17.02875,16.615,,11/13/19
16.84,16.615,16.9,16.615,,11/12/19
16.815,16.615,16.93875,16.615,,11/11/19
16.79775,16.79775,16.79775,16.79775,,11/10/19
17.12,16.79775,17.12375,16.7075,,11/08/19
17.60875,17.1175,17.6625,17.005,,11/07/19
17.5725,17.6375,17.6475,17.39375,,11/06/19
18.0675,17.58175,18.09125,17.54875,,11/05/19
18.1175,18.05725,18.22,17.9775,,11/04/19
18.145,18.145,18.145,18.145,,11/03/19
18.105,18.145,18.14875,17.96,,11/01/19
17.86625,18.095,18.1675,17.8025,,10/31/19
17.805,17.86625,17.9625,17.595,,10/30/19
17.84125,17.80125,17.89625,17.61375,,10/29/19
18.02,17.84125,18.14,17.795,,10/28/19
18.04025,18.01875,18.05075,18.005,,10/27/19
17.80875,18.04025,18.32875,17.795,,10/25/19
17.55125,17.81,17.84125,17.49,,10/24/19
17.54125,17.03,17.62,17.03,,10/23/19
17.575,17.525,17.66875,17.435,,10/22/19
17.57125,17.555,17.8725,17.51375,,10/21/19
17.5475,17.5475,17.5475,17.5475,,10/20/19
17.56125,17.5475,17.595,17.4125,,10/18/19
17.41,17.5475,17.64125,17.31625,,10/17/19
17.43125,17.395,17.47125,17.17,,10/16/19
17.64875,17.4175,17.73,17.3575,,10/15/19
17.5325,17.65775,17.6975,17.4375,,10/14/19
17.5625,17.5625,17.5625,17.5625,,10/13/19
17.5225,17.5625,17.75625,17.35875,,10/11/19
17.74375,17.5075,17.8975,17.425,,10/10/19
17.765,17.7375,17.94625,17.6725,,10/09/19
17.44625,17.73325,17.8075,17.29125,,10/08/19
17.60625,17.435,17.61875,17.39375,,10/07/19
17.545,17.545,17.545,17.545,,10/06/19
17.58625,17.545,17.655,17.3075,,10/04/19
17.57,17.57,17.785,17.47625,,10/03/19
17.26875,17.5525,17.6725,17.195,,10/02/19
17.005,17.23,17.325,16.90125,,10/01/19
17.54875,16.905,17.60375,16.905,,09/30/19
17.265,17.265,17.265,17.265,,09/29/19
17.83625,17.265,17.895,17.265,,09/27/19
17.91,17.82625,18.04875,17.76125,,09/26/19
18.65125,17.805,18.68625,17.805,,09/25/19
18.65375,18.6075,18.73125,18.265,,09/24/19
17.96375,18.6475,18.70375,17.95875,,09/23/19
17.9925,17.9925,17.9925,17.9925,,09/22/19
17.80375,17.9925,17.9925,17.76375,,09/20/19
17.73125,17.7925,17.9325,17.61875,,09/19/19
18.01875,17.7475,18.04125,17.5425,,09/18/19
17.84375,18.01625,18.09,17.7575,,09/17/19
17.73875,17.85125,17.9875,17.69125,,09/16/19
18.07375,17.355,18.19,17.355,,09/13/19
18.10625,18.095,18.47,18.01625,,09/12/19
18.03625,17.795,18.24125,17.795,,09/11/19
18.0125,18,18.18,17.78875,,09/10/19
18.0675,17.955,18.30125,17.95375,,09/09/19
18.185,18.185,18.185,18.185,,09/08/19
18.6675,18.185,18.79,17.99125,,09/06/19
19.52625,18.66125,19.575,18.5775,,09/05/19
19.2525,19.59875,19.6475,19.2075,,09/04/19
18.445,19.2675,19.29125,18.34625,,09/03/19
18.43875,18.485,18.55,18.27875,,09/02/19
18.3775,18.3775,18.3775,18.3775,,09/01/19
18.25625,18.3775,18.47625,18.07125,,08/30/19
18.34,18.27125,18.64875,18.065,,08/29/19
18.1825,18.355,18.49875,18.0775,,08/28/19
17.65875,18.19375,18.21125,17.63875,,08/27/19
17.65625,17.66625,17.77125,17.53625,,08/26/19
17.44,17.44,17.44,17.44,,08/25/19
17.05375,17.44,17.4825,16.985,,08/23/19
17.135,17.0475,17.1525,16.94875,,08/22/19
17.14375,17.12125,17.19875,17,,08/21/19
16.89875,17.165,17.19125,16.86375,,08/20/19
17.11125,17.1275,17.135,16.86,,08/19/19
17.105,17.105,17.105,17.105,,08/18/19
17.26625,17.105,17.33375,17.055,,08/16/19
17.24,17.2675,17.385,17.12,,08/15/19
16.9825,17.215,17.31875,16.88125,,08/14/19
17.0725,16.96375,17.51,16.55125,,08/13/19
16.97,17.06375,17.1575,16.82,,08/12/19
16.9675,16.9675,16.9675,16.9675,,08/11/19
16.98125,16.9675,17.135,16.87,,08/09/19
17.07125,16.93375,17.20375,16.81375,,08/08/19
16.45125,17.10875,17.24,16.44625,,08/07/19
16.45375,16.7425,16.7425,16.35875,,08/06/19
16.21625,16.39375,16.55875,16.1325,,08/05/19
16.2075,16.2075,16.2075,16.2075,,08/04/19
16.33125,16.2075,16.35125,16.05875,,08/02/19
16.27875,16.34,16.385,15.93,,08/01/19
16.56625,16.26375,16.57375,16.21,,07/31/19
16.4575,16.6425,16.6425,16.405,,07/30/19
16.41125,16.5425,16.5425,16.33875,,07/29/19
16.38625,16.38625,16.38625,16.38625,,07/28/19
16.43375,16.38625,16.515,16.34375,,07/26/19
16.58375,16.41125,16.64875,16.33375,,07/25/19
16.39125,16.5975,16.64,16.3325,,07/24/19
16.35625,16.40375,16.53,16.185,,07/23/19
16.2325,16.36125,16.43,16.17375,,07/22/19
16.20875,16.20875,16.20875,16.20875,,07/21/19
16.3875,16.20875,16.58,16.07,,07/19/19
15.96375,16.3475,16.35,15.92375,,07/18/19
15.57375,15.96875,15.99375,15.5275,,07/17/19
15.41125,15.55125,15.695,15.3225,,07/16/19
15.2375,15.38125,15.41,15.17125,,07/15/19
15.22875,15.22875,15.22875,15.22875,,07/14/19
15.1225,15.22875,15.25375,15.0575,,07/12/19
15.25,15.0975,15.31875,15.0975,,07/11/19
15.10625,15.24375,15.28625,15.0475,,07/10/19
15.03125,15.11875,15.13375,14.95375,,07/09/19
15.005,15.0325,15.12375,14.96625,,07/08/19
14.99625,14.99625,14.99625,14.99625,,07/07/19
15.29125,14.99625,15.33875,14.9025,,07/05/19
15.29875,15.24,15.3375,15.225,,07/04/19
15.34625,15.3075,15.45375,15.20625,,07/03/19
15.145,15.3125,15.325,15.05375,,07/02/19
15.205,14.905,15.30375,14.905,,07/01/19
15.32,15.32,15.32,15.32,,06/30/19
15.26,15.32,15.3375,15.2175,,06/28/19
15.275,15.2575,15.3025,15.16875,,06/27/19
15.3625,15.265,15.3625,15.1825,,06/26/19
15.4425,15.37,15.5125,15.28375,,06/25/19
15.3575,15.4425,15.47125,15.30125,,06/24/19
15.5925,15.5925,15.5925,15.5925,,06/23/19
15.44,15.5925,15.5925,15.17125,,06/21/19
15.1575,15.425,15.51125,15.12875,,06/20/19
15.00875,15.1675,15.17625,14.92125,,06/19/19
14.84625,15.03,15.08625,14.82,,06/18/19
14.88125,14.8425,14.9075,14.7825,,06/17/19
14.8075,14.8075,14.8075,14.8075,,06/16/19
14.9125,14.8075,15.12,14.8025,,06/14/19
14.79125,14.9925,14.9925,14.7475,,06/13/19
14.74625,14.9925,14.9925,14.73125,,06/12/19
14.71125,14.7425,14.79875,14.65625,,06/11/19
14.9825,14.7025,15.01,14.65125,,06/10/19
15.01375,15.01375,15.01375,15.01375,,06/09/19
14.90875,15.01375,15.15125,14.86,,06/07/19
14.83,14.9925,15,14.755,,06/06/19
14.82125,14.80375,15.04,14.77125,,06/05/19
14.78625,14.81625,14.85375,14.66875,,06/04/19
14.59125,14.9125,14.9125,14.585,,06/03/19
14.57375,14.57375,14.57375,14.57375,,06/02/19
14.52125,14.57375,14.67,14.485,,05/31/19
14.425,14.52875,14.5725,14.3675,,05/30/19
14.37,14.43,14.48125,14.35125,,05/29/19
14.5825,14.3525,14.6075,14.30125,,05/28/19
14.57875,14.58875,14.63,14.56125,,05/27/19
14.56625,14.56625,14.56625,14.56625,,05/26/19
14.60125,14.56625,14.6125,14.54,,05/24/19
14.44875,14.59625,14.64875,14.42375,,05/23/19
14.45125,14.3275,14.50125,14.3275,,05/22/19
14.46,14.4525,14.48,14.3825,,05/21/19
14.42875,14.3875,14.48125,14.3875,,05/20/19
14.3875,14.3875,14.3875,14.3875,,05/19/19
14.56,14.3875,14.56125,14.3875,,05/17/19
14.7925,14.3875,14.82375,14.3875,,05/16/19
14.79625,14.7975,14.85625,14.7675,,05/15/19
14.77625,14.79125,14.85625,14.7425,,05/14/19
14.77875,14.76625,14.80625,14.6275,,05/13/19
14.77625,14.77625,14.77625,14.77625,,05/12/19
14.7725,14.77625,14.84125,14.74,,05/10/19
14.845,14.4875,14.86625,14.4875,,05/09/19
14.905,14.8325,14.96875,14.8275,,05/08/19
14.89625,14.90375,14.9425,14.8025,,05/07/19
14.93125,14.9275,14.975,14.7675,,05/06/19
14.4875,14.4875,14.4875,14.4875,,05/05/19
14.62625,14.4875,14.975,14.4875,,05/03/19
14.69,14.4875,14.72625,14.4875,,05/02/19
14.95,14.68125,14.9625,14.61125,,05/01/19
14.92375,14.9575,15.01125,14.82125,,04/30/19
15.06625,14.91375,15.0725,14.885,,04/29/19
15.0825,15.0825,15.0825,15.0825,,04/28/19
15.0825,15.0825,15.0825,15.0825,,04/27/19
14.945,15.0825,15.0825,14.945,,04/26/19
14.945,14.94375,15.01125,14.87125,,04/25/19
14.83875,14.8775,14.9925,14.7975,,04/24/19
15.02375,14.8075,15.0375,14.75375,,04/23/19
15.01375,15.0075,15.085,15.00125,,04/22/19
14.9075,14.9075,14.9075,14.9075,,04/21/19
14.9575,14.9075,14.9575,14.9075,,04/19/19
14.9875,14.9075,15.03375,14.9075,,04/18/19
15.00625,14.985,15.09875,14.92875,,04/17/19
14.99875,14.7975,15.02375,14.7975,,04/16/19
14.99375,14.835,15.0375,14.8275,,04/15/19
14.97125,14.97125,14.97125,14.97125,,04/14/19
14.97625,14.97125,15.1125,14.9575,,04/12/19
15.23,14.97125,15.255,14.9125,,04/11/19
15.22625,15.3125,15.3125,15.1525,,04/10/19
15.25625,15.22,15.34,15.21625,,04/09/19
15.12375,15.24875,15.3025,15.12125,,04/08/19
15.10875,15.10875,15.10875,15.10875,,04/07/19
15.15875,15.10875,15.20625,15.0775,,04/05/19
15.13875,15.15125,15.18125,14.90625,,04/04/19
15.11875,15.3925,15.3925,15.0425,,04/03/19
15.1025,15.12375,15.12375,14.94375,,04/02/19
15.13625,15.10625,15.2125,15.065,,04/01/19
15.0575,15.0575,15.0575,15.0575,,03/31/19
15.03,15.0575,15.20125,14.9875,,03/29/19
15.28125,15.03,15.33375,14.98375,,03/28/19
15.44,15.2875,15.48125,15.1075,,03/27/19
15.5425,15.4375,15.55875,15.1075,,03/26/19
15.4125,15.54375,15.58375,15.39375,,03/25/19
15.44125,15.4225,15.445,15.415,,03/24/19
15.4725,15.44125,15.55,15.36875,,03/22/19
15.495,15.47375,15.6375,15.3875,,03/21/19
15.37375,15.49,15.55,15.275,,03/20/19
15.34,15.37375,15.4475,15.325,,03/19/19
15.3,15.345,15.46,15.22625,,03/18/19
15.2925,15.2975,15.30375,15.2925,,03/17/19
15.19375,15.2925,15.39375,15.175,,03/15/19
15.46,15.195,15.46375,15.14,,03/14/19
15.43625,15.46,15.5375,15.42875,,03/13/19
15.3175,15.43625,15.47625,15.30375,,03/12/19
15.31625,15.32125,15.35375,15.2175,,03/11/19
14.9075,15.31125,15.32625,14.9075,,03/10/19
15.03375,14.9075,15.36625,14.9075,,03/08/19
15.08375,14.925,15.12,14.9075,,03/07/19
15.13375,15.0575,15.15625,15.0525,,03/06/19
15.08875,14.9075,15.1675,14.9075,,03/05/19
15.23875,15.0875,15.27625,15.06875,,03/04/19
15.1375,15.1375,15.1375,15.1375,,03/03/19
15.61625,15.1375,15.63375,15.1375,,03/01/19
15.74625,15.5075,15.82375,15.5075,,02/28/19
15.93375,15.7925,15.9425,15.70625,,02/27/19
15.89375,15.705,15.93875,15.705,,02/26/19
15.91875,15.89375,16.005,15.8575,,02/25/19
15.91875,15.91875,15.91875,15.91875,,02/24/19
15.82375,15.91875,15.975,15.81375,,02/22/19
16.06625,15.705,16.10625,15.705,,02/21/19
15.98,16.2425,16.2425,15.96875,,02/20/19
15.80875,15.99375,16.00375,15.74625,,02/19/19
15.78125,15.8075,15.8575,15.76375,,02/18/19
15.445,15.445,15.445,15.445,,02/17/19
15.6325,15.445,15.8075,15.445,,02/15/19
15.5775,15.445,15.69,15.445,,02/14/19
15.7175,15.445,15.81125,15.445,,02/13/19
15.70375,15.6525,15.8325,15.6525,,02/12/19
15.82,15.705,15.83875,15.675,,02/11/19
15.8525,15.8525,15.8525,15.8525,,02/10/19
15.73,15.8525,15.865,15.66375,,02/08/19
15.67875,15.555,15.7575,15.555,,02/07/19
15.83875,15.675,15.8675,15.64625,,02/06/19
15.86125,15.555,15.92875,15.555,,02/05/19
15.91125,15.86625,15.92375,15.695,,02/04/19
15.9,15.9,15.9,15.9,,02/03/19
16.05375,15.9,16.07875,15.895,,02/01/19
16.0775,16.06875,16.18625,15.99875,,01/31/19
15.85,16.0625,16.1025,15.82625,,01/30/19
15.74875,15.8375,15.915,15.72625,,01/29/19
15.73375,15.7425,15.81625,15.61375,,01/28/19
15.7475,15.7475,15.7475,15.7475,,01/27/19
15.3125,15.7475,15.75125,15.295,,01/25/19
15.3625,15.32,15.395,15.25,,01/24/19
15.335,15.2575,15.43375,15.2575,,01/23/19
15.27375,15.33625,15.35125,15.185,,01/22/19
15.34625,15.27125,15.365,15.19375,,01/21/19
15.125,15.125,15.125,15.125,,01/20/19
15.5375,15.125,15.58125,15.125,,01/18/19
15.5975,15.5375,15.615,15.46125,,01/17/19
15.5875,15.6075,15.64625,15.5,,01/16/19
15.655,15.57875,15.6975,15.54625,,01/15/19
15.6125,15.6525,15.66375,15.5525,,01/14/19
15.5975,15.5975,15.5975,15.5975,,01/13/19
15.57875,15.5975,15.73875,15.56375,,01/11/19
15.74875,15.5775,15.78375,15.55625,,01/10/19
15.6575,15.75125,15.775,15.58625,,01/09/19
15.66625,15.665,15.6875,15.5075,,01/08/19
15.725,15.8275,15.8275,15.62875,,01/07/19
15.71,15.71,15.71,15.71,,01/06/19
15.7425,15.71,15.86625,15.5975,,01/04/19
15.56,15.7425,15.755,15.4925,,01/03/19
15.49,15.53,15.605,15.3325,,01/02/19
15.3925,15.4925,15.51,15.32875,,12/31/18
15.385,15.385,15.385,15.385,,12/30/18
15.2325,15.385,15.39625,15.2275,,12/28/18
15.0375,15.2325,15.265,14.95125,,12/27/18
14.74,15.04,15.1725,14.72375,,12/26/18
14.6675,14.78275,14.80875,14.65875,,12/24/18
14.6325,14.6325,14.6325,14.6325,,12/23/18
14.77375,14.6325,14.7975,14.6125,,12/21/18
14.61625,14.76375,14.84125,14.56125,,12/20/18
14.64625,14.595,14.82125,14.555,,12/19/18
14.665,14.6375,14.72375,14.6175,,12/18/18
14.5725,14.66,14.70125,14.55375,,12/17/18
14.575,14.575,14.575,14.575,,12/16/18
14.73625,14.575,14.75125,14.49875,,12/14/18
14.74375,14.74625,14.80875,14.68875,,12/13/18
14.57125,14.74375,14.795,14.54375,,12/12/18
14.5475,14.56125,14.71875,14.52125,,12/11/18
14.6425,14.5275,14.645,14.48625,,12/10/18
14.6325,14.6325,14.6325,14.6325,,12/09/18
14.48125,14.6325,14.6475,14.44375,,12/07/18
14.49125,14.47625,14.5075,14.34625,,12/06/18
14.53875,14.49625,14.54625,14.425,,12/05/18
14.40125,14.52875,14.665,14.39375,,12/04/18
14.2575,14.385,14.56125,14.21,,12/03/18
14.18,14.18,14.18,14.18,,12/02/18
14.3025,14.18,14.3425,14.05625,,11/30/18
14.31625,14.3075,14.38375,14.2775,,11/29/18
14.1825,14.325,14.38875,14.12375,,11/28/18
14.25125,14.145,14.30625,14.1,,11/27/18
14.3175,14.2375,14.43875,14.22125,,11/26/18
14.49625,14.49625,14.49625,14.49625,,11/25/18
14.48875,14.49625,14.5075,14.19625,,11/23/18
14.49375,14.49,14.54375,14.45125,,11/22/18
14.33,14.495,14.555,14.2825,,11/21/18
14.42625,14.3225,14.49125,14.255,,11/20/18
14.415,14.42625,14.44125,14.355,,11/19/18
14.415,14.415,14.415,14.415,,11/18/18
14.295,14.415,14.42375,14.245,,11/16/18
14.14375,14.29375,14.3525,14.1,,11/15/18
14.01375,14.14125,14.18625,13.90125,,11/14/18
14.01875,13.99625,14.12625,13.96375,,11/13/18
14.1675,13.99375,14.21,13.99,,11/12/18
14.16,14.16,14.16,14.16,,11/11/18
14.43875,14.16,14.44125,14.11125,,11/09/18
14.57375,14.43,14.59,14.3925,,11/08/18
14.53875,14.56875,14.72125,14.49125,,11/07/18
14.655,14.53375,14.715,14.49625,,11/06/18
14.74875,14.645,14.77,14.6075,,11/05/18
14.7425,14.7425,14.7425,14.7425,,11/04/18
14.745,14.7425,14.91,14.6525,,11/02/18
14.2725,14.75,14.9825,14.2725,,11/01/18
14.4725,14.275,14.475,14.0575,,10/31/18
14.4725,14.4675,14.8375,14.38,,10/30/18
14.7,14.48375,14.765,14.425,,10/29/18
14.63375,14.7025,14.72125,14.63375,,10/28/18
14.63875,14.63375,14.77,14.58875,,10/26/18
14.69375,14.63375,14.77875,14.605,,10/25/18
14.75375,14.63375,14.805,14.63375,,10/24/18
14.57125,14.8725,14.8725,14.52125,,10/23/18
14.665,14.63375,14.69125,14.52375,,10/22/18
14.6375,14.6375,14.6375,14.6375,,10/21/18
14.57375,14.6375,14.7175,14.56125,,10/19/18
14.585,14.57875,14.65375,14.45875,,10/18/18
14.66625,14.61375,14.72375,14.59875,,10/17/18
14.70875,14.665,14.845,14.61875,,10/16/18
14.60875,14.6925,14.77625,14.6075,,10/15/18
14.60375,14.60375,14.60375,14.60375,,10/14/18
14.58875,14.60375,14.70625,14.52,,10/12/18
14.32125,14.58875,14.625,14.26375,,10/11/18
14.39,14.2975,14.43,14.25,,10/10/18
14.3925,14.3925,14.44,14.275,,10/09/18
14.505,14.36875,14.51125,14.27625,,10/08/18
14.6425,14.6425,14.6425,14.6425,,10/07/18
14.60125,14.6425,14.71625,14.52,,10/05/18
14.64125,14.59625,14.7625,14.53875,,10/04/18
14.71625,14.63375,14.82625,14.625,,10/03/18
14.50375,14.6825,14.9125,14.44625,,10/02/18
14.66875,14.48375,14.68625,14.38125,,10/01/18
14.65375,14.65375,14.65375,14.65375,,09/30/18
14.2575,14.65375,14.7175,14.24,,09/28/18
14.3525,14.24375,14.46125,14.19,,09/27/18
14.46625,14.3225,14.515,14.3225,,09/26/18
14.27375,14.46375,14.555,14.22625,,09/25/18
14.29,14.2575,14.3775,14.19625,,09/24/18
14.2575,14.2575,14.2575,14.2575,,09/23/18
14.31375,14.2575,14.43,14.16375,,09/21/18
14.25125,14.31875,14.3525,14.185,,09/20/18
14.155,14.2475,14.3375,14.14875,,09/19/18
14.185,14.15,14.23375,14.07875,,09/18/18
14.05875,14.175,14.25,14.05,,09/17/18
14.0475,14.0475,14.0475,14.0475,,09/16/18
14.185,14.0475,14.285,14.0475,,09/14/18
14.2525,14.3425,14.3525,14.1775,,09/13/18
14.135,14.25125,14.2825,14.075,,09/12/18
14.17,14.14375,14.22875,13.9425,,09/11/18
14.1425,14.18125,14.25125,14.0825,,09/10/18
14.1775,14.1775,14.1775,14.1775,,09/09/18
14.17,14.1775,14.255,14.07875,,09/07/18
14.1975,14.15125,14.30375,14.11625,,09/06/18
14.17375,14.1875,14.2325,14.1,,09/05/18
14.5,14.15875,14.5125,14.01625,,09/04/18
14.53625,14.49875,14.55125,14.39875,,09/03/18
14.53125,14.53125,14.53125,14.53125,,09/02/18
14.55875,14.53125,14.715,14.495,,08/31/18
14.75375,14.8825,14.8825,14.52,,08/30/18
14.745,14.8825,14.8825,14.66875,,08/29/18
14.89125,14.7075,15.00125,14.67625,,08/28/18
14.85125,14.9825,14.9825,14.75375,,08/27/18
14.815,14.815,14.815,14.815,,08/26/18
14.50125,14.815,14.875,14.4875,,08/24/18
14.7575,14.4375,14.7675,14.4375,,08/23/18
14.79375,14.74375,14.87875,14.6975,,08/22/18
14.7575,14.665,14.84625,14.665,,08/21/18
14.76625,14.7825,14.84125,14.655,,08/20/18
14.8425,14.8425,14.8425,14.8425,,08/19/18
14.65125,14.8425,14.8425,14.6025,,08/17/18
14.46875,14.64625,14.8325,14.345,,08/16/18
15.07125,14.43875,15.08125,14.37375,,08/15/18
15.01375,14.9875,15.1075,14.98625,,08/14/18
15.3225,14.99625,15.34125,14.98625,,08/13/18
15.31125,15.31125,15.31125,15.31125,,08/12/18
15.445,15.31125,15.45,15.2925,,08/10/18
15.4225,15.44,15.5125,15.37,,08/09/18
15.375,15.425,15.4675,15.29125,,08/08/18
15.3125,15.38,15.49,15.2975,,08/07/18
15.42625,15.2575,15.49125,15.2575,,08/06/18
15.40875,15.40875,15.40875,15.40875,,08/05/18
15.32,15.40875,15.54625,15.25,,08/03/18
15.40625,15.30875,15.475,15.2925,,08/02/18
15.52875,15.395,15.53875,15.38875,,08/01/18
15.49,15.515,15.605,15.3775,,07/31/18
15.49375,15.48875,15.54375,15.40125,,07/30/18
15.49875,15.49875,15.49875,15.49875,,07/29/18
15.41,15.49875,15.53375,15.33125,,07/27/18
15.60375,15.38375,15.66625,15.38375,,07/26/18
15.4775,15.6125,15.6325,15.4525,,07/25/18
15.3975,15.4675,15.595,15.33625,,07/24/18
15.51,15.3825,15.55625,15.36,,07/23/18
15.5825,15.5825,15.5825,15.5825,,07/22/18
15.34125,15.5825,15.5825,15.25,,07/20/18
15.5575,15.1875,15.57375,15.1875,,07/19/18
15.575,15.55625,15.61375,15.40375,,07/18/18
15.78875,15.57,15.86375,15.5625,,07/17/18
15.81875,15.7925,15.87875,15.745,,07/16/18
15.815,15.815,15.815,15.815,,07/15/18
15.94875,15.815,15.98625,15.725,,07/13/18
15.81375,15.945,15.995,15.765,,07/12/18
16.05875,15.805,16.06375,15.785,,07/11/18
16.1175,16.1925,16.1925,15.9075,,07/10/18
16.0625,16.11125,16.21625,16.04875,,07/09/18
16.035,16.035,16.035,16.035,,07/08/18
16.04625,16.035,16.07625,15.9525,,07/06/18
16.08125,16.0525,16.10125,15.93375,,07/05/18
16.0225,16.07875,16.15,16,,07/04/18
15.87,16.0225,16.0425,15.78375,,07/03/18
16.1025,15.85125,16.13,15.7775,,07/02/18
16.1075,16.1075,16.1075,16.1075,,07/01/18
16.00875,16.1075,16.16,15.96875,,06/29/18
16.0775,16.00875,16.13125,15.9275,,06/28/18
16.29,15.9225,16.305,15.9225,,06/27/18
16.3425,16.29,16.35625,16.15375,,06/26/18
16.4625,16.32875,16.48625,16.29625,,06/25/18
16.4575,16.4575,16.4575,16.4575,,06/24/18
16.33125,16.4575,16.4875,16.315,,06/22/18
16.2925,16.32,16.3625,16.20125,,06/21/18
16.315,16.28375,16.37125,16.26375,,06/20/18
16.49375,16.30375,16.545,16.24375,,06/19/18
16.56125,16.47,16.6275,16.4275,,06/18/18
16.56125,16.56125,16.56125,16.56125,,06/17/18
17.1775,16.56125,17.25375,16.465,,06/15/18
17.04,17.16,17.30875,16.94,,06/14/18
16.85625,17.1925,17.1925,16.80375,,06/13/18
16.92,16.85875,16.95,16.75875,,06/12/18
16.7725,16.935,16.9475,16.75,,06/11/18
16.78375,16.78375,16.78375,16.78375,,06/10/18
16.7275,16.78375,16.82125,16.62625,,06/08/18
16.68625,16.70625,16.89875,16.6475,,06/07/18
16.49625,16.67875,16.73625,16.49625,,06/06/18
16.42,16.3075,16.5325,16.3075,,06/05/18
16.4075,16.41375,16.54625,16.3775,,06/04/18
16.39875,16.39875,16.39875,16.39875,,06/03/18
16.42625,16.39875,16.5075,16.345,,06/01/18
16.51125,16.3775,16.5975,16.3775,,05/31/18
16.38875,16.5125,16.56,16.325,,05/30/18
16.475,16.4,16.50625,16.33,,05/29/18
16.5025,16.47625,16.51,16.44,,05/28/18
16.50375,16.50375,16.50375,16.50375,,05/27/18
16.67,16.50375,16.71125,16.48625,,05/25/18
16.47375,16.675,16.695,16.415,,05/24/18
16.54375,16.45125,16.585,16.3375,,05/23/18
16.52,16.54375,16.66625,16.45375,,05/22/18
16.45625,16.515,16.52375,16.27625,,05/21/18
16.4525,16.4525,16.4525,16.4525,,05/20/18
16.43625,16.4525,16.4725,16.36875,,05/18/18
16.3775,16.43125,16.4925,16.335,,05/17/18
16.27375,16.44625,16.44625,16.19125,,05/16/18
16.54,16.27,16.555,16.20625,,05/15/18
16.67,16.515,16.73625,16.5025,,05/14/18
16.7025,16.7025,16.7025,16.7025,,05/13/18
16.73,16.7025,16.83375,16.65625,,05/11/18
16.4825,16.7925,16.7925,16.48,,05/10/18
16.48625,16.6025,16.62,16.36,,05/09/18
16.49125,16.4825,16.525,16.325,,05/08/18
16.52625,16.48125,16.57125,16.4075,,05/07/18
16.53125,16.53125,16.53125,16.53125,,05/06/18
16.44625,16.53125,16.53125,16.37625,,05/04/18
16.38875,16.43625,16.58125,16.365,,05/03/18
16.1775,16.37625,16.52375,16.11,,05/02/18
16.34,16.17,16.3425,16.06,,05/01/18
16.53125,16.325,16.545,16.20375,,04/30/18
16.5225,16.5225,16.5225,16.5225,,04/29/18
16.53375,16.5225,16.5675,16.44625,,04/27/18
16.54625,16.5225,16.61625,16.42875,,04/26/18
16.71125,16.55,16.74,16.51375,,04/25/18
16.63875,16.8425,16.8425,16.575,,04/24/18
17.1025,16.6,17.1225,16.5575,,04/23/18
17.1275,17.1275,17.1275,17.1275,,04/22/18
17.24125,17.1275,17.25625,17.05,,04/20/18
17.19625,17.25125,17.3575,17.1175,,04/19/18
16.78375,17.3425,17.3425,16.735,,04/18/18
16.6725,16.7825,16.8075,16.5925,,04/17/18
16.62,16.7125,16.775,16.56,,04/16/18
16.455,16.455,16.455,16.455,,04/15/18
16.47,16.455,16.6925,16.455,,04/13/18
16.68125,16.455,16.695,16.455,,04/12/18
16.57375,16.67375,16.86625,16.53875,,04/11/18
16.5025,16.57,16.65,16.44,,04/10/18
16.41,16.4975,16.56,16.335,,04/09/18
16.3925,16.38125,16.49625,16.27875,,04/06/18
16.32125,16.39625,16.4225,16.1975,,04/05/18
16.4275,16.31875,16.525,16.25875,,04/04/18
16.59875,16.41875,16.6175,16.37125,,04/03/18
16.36625,16.5975,16.675,16.36625,,04/02/18
16.365,16.365,16.365,16.365,,04/01/18
16.29875,16.365,16.3675,16.23,,03/29/18
16.53125,16.2925,16.5675,16.25375,,03/28/18
16.69275,16.52625,16.80625,16.4775,,03/27/18
16.60125,16.705,16.7875,16.53625,,03/26/18
16.56,16.56,16.56,16.56,,03/25/18
16.425,16.56,16.67375,16.425,,03/23/18
16.55,16.425,16.61125,16.3575,,03/22/18
16.20625,16.555,16.64625,16.18625,,03/21/18
16.335,16.20125,16.35,16.12625,,03/20/18
16.30625,16.325,16.35875,16.2225,,03/19/18
16.33375,16.32125,16.33625,16.32125,,03/18/18
16.39625,16.34,16.4975,16.21625,,03/16/18
16.53875,16.4025,16.57625,16.38125,,03/15/18
16.59125,16.53625,16.65875,16.51875,,03/14/18
16.54125,16.59375,16.65875,16.45875,,03/13/18
16.5925,16.53875,16.6075,16.44625,,03/12/18
16.59625,16.59375,16.6175,16.5925,,03/11/18
16.5,16.59625,16.6875,16.37375,,03/09/18
16.50375,16.49375,16.57125,16.43375,,03/08/18
16.805,16.4275,16.83875,16.4275,,03/07/18
16.43375,16.8825,16.8825,16.39625,,03/06/18
16.5225,16.43375,16.6025,16.35875,,03/05/18
16.515,16.515,16.515,16.515,,03/04/18
16.4525,16.515,16.56875,16.39125,,03/02/18
16.42875,16.475,16.54875,16.1875,,03/01/18
16.43625,16.41375,16.50375,16.36125,,02/28/18
16.65875,16.2575,16.695,16.2575,,02/27/18
16.51875,16.6675,16.76875,16.49125,,02/26/18
16.54375,16.54375,16.54375,16.54375,,02/25/18
16.62875,16.54375,16.6325,16.505,,02/23/18
16.495,16.6225,16.68,16.4075,,02/22/18
16.465,16.50125,16.765,16.3925,,02/21/18
16.69875,16.455,16.69875,16.43375,,02/20/18
16.6775,16.6625,16.73375,16.62125,,02/19/18
16.65875,16.65875,16.65875,16.65875,,02/18/18
16.8675,16.65875,16.9485,16.62375,,02/16/18
16.8725,16.86125,16.975,16.66125,,02/15/18
16.58625,16.9925,16.9925,16.395,,02/14/18
16.57375,16.6625,16.68,16.46375,,02/13/18
16.365,16.54875,16.62375,16.335,,02/12/18
16.355,16.355,16.355,16.355,,02/11/18
16.42375,16.355,16.45375,16.19,,02/09/18
16.3875,16.41875,16.46375,16.25625,,02/08/18
16.66,16.38125,16.77875,16.275,,02/07/18
16.739,16.48,16.98025,16.4375,,02/06/18
16.6025,16.969,16.969,16.56125,,02/05/18
16.47,16.5175,16.5175,16.47,,02/04/18
17.2325,16.5175,17.255,16.5175,,02/02/18
17.31125,17.22625,17.39875,17.1175,,02/01/18
17.12375,17.34,17.36875,17.10625,,01/31/18
17.1925,17.13625,17.33625,17.0825,,01/30/18
17.42375,17.155,17.47875,17.11125,,01/29/18
17.40875,17.40875,17.40875,17.40875,,01/28/18
17.3,17.40875,17.5375,17.25625,,01/26/18
17.53875,17.3025,17.69625,17.15875,,01/25/18
17.04875,17.62,17.6225,16.995,,01/24/18
17.00125,17.02,17.09875,16.75725,,01/23/18
17.05625,17.01,17.1,16.955,,01/22/18
17.02125,17.02125,0,0,,01/21/18
16.9675,17.02125,17.13,16.9625,,01/19/18
17.01625,17.07,17.12375,16.915,,01/18/18
17.216,16.9575,17.29475,16.9575,,01/17/18
17.36875,17.446,17.446,16.95875,,01/16/18
17.22875,17.42,17.4625,17.215,,01/15/18
16.99875,17.23375,17.285,16.9925,,01/12/18
16.98625,16.99375,17.04625,16.90875,,01/11/18
16.955,16.9175,17.19375,16.91375,,01/10/18
17.11875,16.99,17.1425,16.925,,01/09/18
17.24625,17.0175,17.26625,17.0175,,01/08/18
17.21125,17.165,17.2825,17.12125,,01/05/18
17.12625,17.3625,17.3625,16.99,,01/04/18
17.18125,17.13375,17.2425,17.0425,,01/03/18
16.97125,17.18875,17.20625,16.94,,01/02/18
16.85125,16.925,17.11375,16.82625,,12/29/17
16.67875,16.86,16.88375,16.675,,12/28/17
16.53125,16.8025,16.8025,16.4925,,12/27/17
16.315,16.25,16.5675,16.25,,12/26/17
16.125,16.38,16.41625,16.115,,12/22/17
16.18625,16.2425,16.2425,16.105,,12/21/17
16.135,16.1675,16.265,16.10375,,12/20/17
16.13625,16.14125,16.225,16.06375,,12/19/17
16.0325,16.05,16.17375,16.0075,,12/18/17
15.90875,16.075,16.08375,15.9,,12/15/17
16.0425,15.65,16.12375,15.65,,12/14/17
15.7325,16.07625,16.1375,15.6825,,12/13/17
15.7225,15.7,15.81625,15.635,,12/12/17
15.86125,15.7075,15.88875,15.7025,,12/11/17
15.75125,15.6575,15.89625,15.6575,,12/08/17
15.98625,15.5575,15.99625,15.5575,,12/07/17
16.12375,15.955,16.15125,15.9275,,12/06/17
16.33875,16.0225,16.36875,16.0225,,12/05/17
16.3595,16.33125,16.43375,16.26,,12/04/17
16.44375,16.44375,16.44375,16.44375,,12/03/17
16.455,16.44375,16.5625,16.265,,12/01/17
16.56875,16.44375,16.595,16.32875,,11/30/17
16.86875,16.53125,16.9225,16.52375,,11/29/17
17.0575,17.0925,17.12,16.80875,,11/28/17
17.03375,17.05125,17.1875,17.02,,11/27/17
17.09875,17.04375,17.15875,16.99,,11/24/17
17.1375,17.09375,17.15875,17.07,,11/23/17
16.96625,17.15375,17.2225,16.95625,,11/22/17
16.93875,16.9675,17.0525,16.91375,,11/21/17
17.315,16.9175,17.315,16.8575,,11/20/17
17.08625,17.3225,17.385,17.0525,,11/17/17
17.005,17.09,17.135,16.97375,,11/16/17
17.03375,17.01,17.20875,16.965,,11/15/17
17.04875,17.03875,17.10375,16.8975,,11/14/17
16.895,17.06125,17.08625,16.85125,,11/13/17
16.8475,16.8475,16.8475,16.8475,,11/12/17
17.005,16.8475,17.11375,16.81625,,11/10/17
17.0525,17.06,17.1425,16.95,,11/09/17
16.99,17.035,17.24375,16.98375,,11/08/17
17.21625,16.97,17.225,16.9275,,11/07/17
16.8325,17.25,17.2925,16.80625,,11/06/17
16.8425,16.8425,16.8425,16.8425,,11/05/17
17.13625,16.8425,17.18125,16.805,,11/03/17
17.13,17.14125,17.23125,16.9575,,11/02/17
16.705,17.145,17.18875,16.67625,,11/01/17
16.84125,16.71,16.89875,16.655,,10/31/17
16.8375,16.84625,16.89625,16.69875,,10/30/17
16.85325,16.82625,16.85325,16.8125,,10/29/17
16.79875,16.85625,16.85875,16.625,,10/27/17
16.97,16.78625,17.03625,16.755,,10/26/17
16.955,16.95625,17.03125,16.835,,10/25/17
17.0875,16.85,17.14625,16.8075,,10/24/17
16.98375,17.0925,17.11125,16.86875,,10/23/17
17.0425,17.0425,17.0425,17.0425,,10/22/17
17.2625,17.0425,17.29,16.94875,,10/20/17
17.00625,17.2525,17.285,16.91875,,10/19/17
17.04125,17.00125,17.105,16.91,,10/18/17
17.25125,17.03375,17.255,16.97375,,10/17/17
17.38125,17.23125,17.465,17.11625,,10/16/17
17.41125,17.41125,17.41125,17.41125,,10/15/17
17.24125,17.41125,17.41125,17.19375,,10/13/17
17.17125,17.2325,17.265,17.12625,,10/12/17
17.12,17.29,17.29,17.06875,,10/11/17
16.95875,17.115,17.24375,16.93875,,10/10/17
16.82,16.96125,16.98375,16.80375,,10/09/17
16.82875,16.82875,16.82875,16.82875,,10/08/17
16.61625,16.82875,16.86125,16.33125,,10/06/17
16.61125,16.59625,16.74625,16.57125,,10/05/17
16.64125,16.59125,16.88875,16.57375,,10/04/17
16.5875,16.64125,16.67,16.55875,,10/03/17
16.6075,16.58625,16.73375,16.55125,,10/02/17
16.64625,16.64625,16.64625,16.64625,,10/01/17
16.86375,16.64625,16.87875,16.63875,,09/29/17
16.77625,16.87625,16.8975,16.68375,,09/28/17
16.81875,16.76375,16.91125,16.72875,,09/27/17
17.15125,16.81375,17.24375,16.795,,09/26/17
16.95875,17.17625,17.17625,16.84625,,09/25/17
16.99375,16.99375,16.99375,16.99375,,09/24/17
16.9875,16.99375,17.06625,16.91625,,09/22/17
17.175,16.97125,17.175,16.84125,,09/21/17
17.29625,17.16875,17.4,16.985,,09/20/17
17.20875,17.29,17.3325,17.12,,09/19/17
17.59625,17.28,17.62375,17.07875,,09/18/17
17.5025,17.5025,17.5025,17.5025,,09/17/17
17.79875,17.5025,17.8525,17.5025,,09/15/17
17.7625,17.89,17.89,17.61375,,09/14/17
17.9175,17.77125,17.9575,17.67375,,09/13/17
17.8125,17.93,17.93,17.725,,09/12/17
17.83625,17.67,17.9175,17.6275,,09/11/17
17.97125,17.97125,17.97125,17.97125,,09/10/17
18.13,17.97125,18.2125,17.9,,09/08/17
17.86875,18.12625,18.14625,17.80875,,09/07/17
17.90625,17.87625,17.98375,17.8225,,09/06/17
17.87875,18,18.0025,17.78875,,09/05/17
17.8025,18,18.0425,17.79375,,09/04/17
17.73625,17.73625,17.73625,17.73625,,09/03/17
17.5825,17.73625,17.7475,17.50625,,09/01/17
17.40875,17.5775,17.6225,17.30125,,08/31/17
17.40625,17.42375,17.4725,17.32875,,08/30/17
17.47,17.38625,17.6625,17.29125,,08/29/17
17.07625,17.5,17.5425,17.03375,,08/28/17
16.96125,17.0725,17.15625,16.81375,,08/25/17
17.09375,16.97625,17.09875,16.8525,,08/24/17
16.97875,17.095,17.10625,16.925,,08/23/17
17.00375,16.98875,17.10375,16.89625,,08/22/17
16.9275,17.00875,17.13125,16.86875,,08/21/17
17.0475,16.98875,17.30125,16.945,,08/18/17
17.13625,17.03375,17.17375,16.9975,,08/17/17
16.63625,17.13125,17.14125,16.6325,,08/16/17
17.06375,16.63125,17.06875,16.59625,,08/15/17
17.11,17.075,17.21625,16.94375,,08/14/17
17.13,17.10875,17.2,16.92125,,08/11/17
16.95375,17.13375,17.24625,16.86875,,08/10/17
16.475,16.95375,16.95875,16.46625,,08/09/17
16.27625,16.465,16.485,16.24375,,08/08/17
16.2575,16.2875,16.315,16.14375,,08/07/17
16.27875,16.27875,16.27875,16.27875,,08/06/17
16.665,16.27875,16.76375,16.225,,08/04/17
16.59125,16.4725,16.70875,16.45625,,08/03/17
16.725,16.5925,16.93875,16.50125,,08/02/17
16.8375,16.97,16.97,16.65,,08/01/17
16.775,16.83375,16.87625,16.6875,,07/31/17
16.5775,16.8925,16.8925,16.52625,,07/28/17
16.64125,16.5675,16.81875,16.5675,,07/27/17
16.48125,16.65875,16.6925,16.30875,,07/26/17
16.4675,16.4975,16.62,16.27375,,07/25/17
16.5175,16.485,16.59375,16.43,,07/24/17
16.3275,16.51125,16.52875,16.30875,,07/21/17
16.29,16.33375,16.41875,16.15,,07/20/17
16.29875,16.28375,16.365,16.16875,,07/19/17
16.11625,16.28875,16.3275,16.09875,,07/18/17
16,16.10875,16.19875,15.975,,07/17/17
15.985,15.985,15.985,15.985,,07/16/17
15.72,15.985,16.09,15.62,,07/14/17
15.89625,15.335,15.98875,15.3225,,07/13/17
15.8425,15.92,16.01875,15.76625,,07/12/17
15.6625,15.405,15.8625,15.3925,,07/11/17
15.61875,15.3275,15.735,15.20875,,07/10/17
15.61875,15.61875,15.61875,15.61875,,07/09/17
16.04125,15.61875,16.13625,15.38375,,07/07/17
16.09375,16.045,16.10875,15.94875,,07/06/17
16.09875,16.09375,16.22375,15.8875,,07/05/17
16.15625,16.07375,16.20875,16.05625,,07/04/17
16.6325,16.135,16.65,16.11125,,07/03/17
16.6125,16.6125,16.6125,16.6125,,07/02/17
16.6125,16.6125,16.6125,16.6125,,07/01/17
16.64625,16.6125,16.705,16.55125,,06/30/17
16.8225,16.625,16.90375,16.61125,,06/29/17
16.685,16.805,16.87125,16.68,,06/28/17
16.6175,16.7025,16.75875,16.53875,,06/27/17
16.7275,16.33,16.74375,16.3175,,06/26/17
16.59,16.72625,16.79375,16.57375,,06/23/17
16.46,16.4775,16.68375,16.46,,06/22/17
16.5,16.49,16.54375,16.3575,,06/21/17
16.50875,16.375,16.645,16.375,,06/20/17
16.69,16.39,16.71125,16.3775,,06/19/17
16.76125,16.62,16.835,16.6075,,06/16/17
16.91125,16.74625,17.07625,16.6775,,06/15/17
16.85125,16.90625,17.30875,16.82125,,06/14/17
16.9675,16.9,16.97125,16.73625,,06/13/17
17.20625,16.82,17.23375,16.8075,,06/12/17
17.2,17.2,17.2,17.2,,06/11/17
17.45875,17.2,17.46,17.2,,06/09/17
17.5975,17.415,17.68875,17.33125,,06/08/17
17.7125,17.58875,17.7275,17.535,,06/07/17
17.56375,17.71375,17.75375,17.52875,,06/06/17
17.55375,17.67,17.6825,17.50625,,06/05/17
17.2725,17.6425,17.6425,17.14125,,06/02/17
17.32375,17.33,17.37875,17.04125,,06/01/17
17.3775,17.32625,17.42625,17.24875,,05/31/17
17.41625,17.40375,17.47625,17.23875,,05/30/17
17.3625,17.44,17.4525,17.32875,,05/29/17
17.35,17.35,17.35,17.35,,05/28/17
17.15625,17.35,17.38125,17.1225,,05/26/17
17.225,17.16125,17.26625,17.14125,,05/25/17
17.06875,17.23,17.23375,16.90875,,05/24/17
17.15875,17.07125,17.3075,17.03875,,05/23/17
16.86125,17.16125,17.21,16.85625,,05/22/17
16.865,16.865,16.865,16.865,,05/21/17
16.59375,16.865,16.88375,16.58625,,05/19/17
16.91875,16.57875,16.96375,16.485,,05/18/17
16.84375,16.8975,17.0325,16.785,,05/17/17
16.6475,16.855,16.8675,16.62875,,05/16/17
16.4875,16.6275,16.81875,16.42875,,05/15/17
16.46125,16.46125,16.46125,16.46125,,05/14/17
16.3475,16.46125,16.4875,16.315,,05/12/17
16.20375,16.33375,16.3925,16.18375,,05/11/17
16.19125,16.2,16.33,16.1575,,05/10/17
16.27,16.19,16.31625,16.075,,05/09/17
16.32625,16.175,16.45625,16.1625,,05/08/17
16.3475,16.34125,16.5225,16.24,,05/05/17
16.48125,16.185,16.635,16.1725,,05/04/17
16.865,16.46425,16.88875,16.42125,,05/03/17
16.86875,16.84375,17.00625,16.8,,05/02/17
17.2725,16.87875,17.2725,16.82,,05/01/17
17.22625,17.22625,17.22625,17.22625,,04/30/17
17.2775,17.22625,17.4275,17.175,,04/28/17
17.48875,17.26375,17.5025,17.24875,,04/27/17
17.61375,17.5025,17.65625,17.34125,,04/26/17
17.9225,17.595,18.0075,17.57375,,04/25/17
17.77,17.9375,17.94375,17.6725,,04/24/17
18.03625,17.94,18.045,17.83,,04/21/17
18.15,18.03625,18.23,17.89625,,04/20/17
18.31125,18.12,18.3375,18.1075,,04/19/17
18.41,18.41,18.43875,18.115,,04/18/17
18.56625,18.41875,18.64375,18.37125,,04/17/17
18.47875,18.5375,18.6025,18.43375,,04/13/17
18.3225,18.49625,18.51375,18.25125,,04/12/17
17.9625,18.34125,18.34125,17.92,,04/11/17
17.98625,17.94875,18.02375,17.76375,,04/10/17
18.005,18.005,18.005,18.005,,04/09/17
18.005,18.005,18.005,18.005,,04/08/17
18.24375,18.005,18.465,17.95,,04/07/17
18.28875,18.265,18.34875,18.17625,,04/06/17
18.30125,18.30875,18.32125,18.155,,04/05/17
18.26875,18.31625,18.415,18.25,,04/04/17
18.25625,18.26375,18.265,18.085,,04/03/17
18.26,18.26,18.26,18.26,,04/02/17
18.1225,18.26,18.2675,18.04625,,03/31/17
18.21875,18.12,18.29,18.065,,03/30/17
18.16625,18.245,18.25375,18.0375,,03/29/17
18.0925,18.18875,18.23875,18.0025,,03/28/17
17.8225,18.10625,18.125,17.8225,,03/27/17
17.76375,17.76375,17.76375,17.76375,,03/26/17
17.5775,17.76375,17.7775,17.54,,03/24/17
17.5325,17.58,17.68375,17.52,,03/23/17
17.5375,17.5325,17.5875,17.46,,03/22/17
17.4425,17.5625,17.6,17.33125,,03/21/17
17.405,17.4375,17.46,17.355,,03/20/17
17.4075,17.405,17.4075,17.3975,,03/19/17
17.315,17.4075,17.41,17.24,,03/17/17
17.315,17.32,17.53,17.25625,,03/16/17
16.88625,17.31875,17.35375,16.835,,03/15/17
16.95125,16.89125,17.055,16.87125,,03/14/17
16.99375,16.95125,17.1475,16.92625,,03/13/17
17.03875,16.99,17.045,16.98875,,03/12/17
16.96,17.03875,17.08,16.845,,03/10/17
17.255,16.9525,17.28875,16.93875,,03/09/17
17.49625,17.2325,17.54375,17.22125,,03/08/17
17.78125,17.48875,17.79125,17.48,,03/07/17
17.93125,17.78625,17.94875,17.71375,,03/06/17
17.9775,17.9775,17.9775,17.9775,,03/05/17
17.785,17.9775,17.98,17.64875,,03/03/17
18.41,17.68,18.43,17.68,,03/02/17
18.30375,18.42125,18.465,18.23625,,03/01/17
18.28,18.3075,18.455,18.2575,,02/28/17
18.35,18.17,18.48625,18.1575,,02/27/17
18.3775,18.3775,18.3775,18.3775,,02/26/17
18.1825,18.3775,18.40875,18.165,,02/24/17
18.0075,18.1875,18.21625,17.945,,02/23/17
17.9825,18.13,18.13,17.8625,,02/22/17
18.0525,17.97,18.0875,17.84625,,02/21/17
17.99875,18.0625,18.0725,17.93125,,02/20/17
17.985,17.985,17.985,17.985,,02/19/17
18.0875,17.985,18.095,17.985,,02/17/17
17.99,18.0975,18.13875,17.9475,,02/16/17
17.97125,17.98375,17.9875,17.7725,,02/15/17
17.82125,17.95625,18.07375,17.77,,02/14/17
17.91,17.81625,18,17.76625,,02/13/17
17.9575,17.9575,17.9575,17.9575,,02/12/17
17.66125,17.9575,18.005,17.56,,02/10/17
17.7775,17.65,17.845,17.625,,02/09/17
17.705,17.8925,17.8925,17.6475,,02/08/17
17.73375,17.71,17.7925,17.5675,,02/07/17
17.5475,17.74,17.75375,17.46875,,02/06/17
17.51,17.51,17.51,17.51,,02/05/17
17.46125,17.51,17.54125,17.2925,,02/03/17
17.5425,17.4775,17.73,17.42125,,02/02/17
17.55,17.555,17.635,17.3725,,02/01/17
17.13,17.565,17.605,17.105,,01/31/17
17.205,17.12,17.26875,17.0625,,01/30/17
17.1425,17.1425,17.1425,17.1425,,01/29/17
16.8,17.1425,17.21,16.64,,01/27/17
17.0025,16.79875,17.03375,16.7025,,01/26/17
17.11625,16.99,17.11625,16.78125,,01/25/17
17.23125,17.11,17.27875,17.045,,01/24/17
17.1125,17.225,17.25,17.055,,01/23/17
17.07625,17.07625,17.07625,17.07625,,01/22/17
17.0075,17.07625,17.15,16.8325,,01/20/17
17.08,17.01125,17.1125,16.75,,01/19/17
17.19,17.0575,17.31875,17.04,,01/18/17
16.8225,17.19625,17.19875,16.80375,,01/17/17
16.83625,16.9875,16.9875,16.79,,01/16/17
16.76625,16.81875,16.8375,16.6025,,01/13/17
16.755,16.7775,16.985,16.74,,01/12/17
16.805,16.735,16.8575,16.535,,01/11/17
16.59,16.98,16.98,16.5425,,01/10/17
16.50625,16.5625,16.6925,16.4275,,01/09/17
16.595,16.4925,16.67,16.30625,,01/06/17
16.42625,16.73,16.73,16.42625,,01/05/17
16.31125,16.5425,16.5425,16.2675,,01/04/17
15.95,16.2925,16.4825,15.91,,01/03/17